event_id,event_title,pokemon,shiny,asset,label,availability,section,day,habitat,source_text
research_adidas_pokemon_timed_research,Research adidas × Pokemon Timed Research,Lucario,False,Mega/Lucario_mega.png,Timed Research — Friday — Mega — Normal,Research,Timed Research,Friday,,"This Timed Research has three pages. Complete the tasks to earn adidas avatar items, Lucario Candy, Lucario Mega Energy, XP, Stardust, and an encounter with Lucario. If you're lucky, you may encounter a Shiny Lucario!"
research_adidas_pokemon_timed_research,Research adidas × Pokemon Timed Research,Lucario,True,Mega/Shiny/Lucario_mega_shiny.png,Timed Research — Friday — Mega — Shiny,Research,Timed Research,Friday,,"This Timed Research has three pages. Complete the tasks to earn adidas avatar items, Lucario Candy, Lucario Mega Energy, XP, Stardust, and an encounter with Lucario. If you're lucky, you may encounter a Shiny Lucario!"
research_adidas_pokemon_timed_research,Research adidas × Pokemon Timed Research,Lucario,False,Mega/Lucario_mega.png,Timed Research — Friday — Mega — Normal,Research,Timed Research,Friday,,Make 20 Great Throws ×40 Lucario Mega Energy ×40
research_adidas_pokemon_timed_research,Research adidas × Pokemon Timed Research,Lucario,False,Normal/Lucario.png,Timed Research — Friday — Normal,Research,Timed Research,Friday,,Lucario
fall_marathon_buddy_trek,Fall Marathon: Buddy Trek,Growlithe,False,Hisuian/Growlithe_hisuian.png,Event — Hisuian — Normal,Event,Event,,,"Bramblin makes its Pokemon GO debut during Fall Marathon: Buddy Trek! Explore up to 42 km to earn Marathon Visor Pikachu, enjoy increased chances of encountering Shiny Electrike and Shiny Hisuian Growlithe, and unlock new GO Pass rewards. The event runs from Tuesday, October 13, at 10:00 a.m. to Monday, October 19, 2026, at 8:00 p.m. local time ."
fall_marathon_buddy_trek,Fall Marathon: Buddy Trek,Growlithe,True,Hisuian/Shiny/Growlithe_hisuian_shiny.png,Event — Hisuian — Shiny,Event,Event,,,"Bramblin makes its Pokemon GO debut during Fall Marathon: Buddy Trek! Explore up to 42 km to earn Marathon Visor Pikachu, enjoy increased chances of encountering Shiny Electrike and Shiny Hisuian Growlithe, and unlock new GO Pass rewards. The event runs from Tuesday, October 13, at 10:00 a.m. to Monday, October 19, 2026, at 8:00 p.m. local time ."
fall_marathon_buddy_trek,Fall Marathon: Buddy Trek,Electrike,False,Normal/Electrike.png,Event — Hisuian — Normal,Event,Event,,,"Bramblin makes its Pokemon GO debut during Fall Marathon: Buddy Trek! Explore up to 42 km to earn Marathon Visor Pikachu, enjoy increased chances of encountering Shiny Electrike and Shiny Hisuian Growlithe, and unlock new GO Pass rewards. The event runs from Tuesday, October 13, at 10:00 a.m. to Monday, October 19, 2026, at 8:00 p.m. local time ."
fall_marathon_buddy_trek,Fall Marathon: Buddy Trek,Electrike,True,Shiny/Electrike_shiny.png,Event — Hisuian — Shiny,Event,Event,,,"Bramblin makes its Pokemon GO debut during Fall Marathon: Buddy Trek! Explore up to 42 km to earn Marathon Visor Pikachu, enjoy increased chances of encountering Shiny Electrike and Shiny Hisuian Growlithe, and unlock new GO Pass rewards. The event runs from Tuesday, October 13, at 10:00 a.m. to Monday, October 19, 2026, at 8:00 p.m. local time ."
fall_marathon_buddy_trek,Fall Marathon: Buddy Trek,Pikachu,False,Costume/Pikachu_fall.png,Event — Hisuian — Normal,Event,Event,,,"Bramblin makes its Pokemon GO debut during Fall Marathon: Buddy Trek! Explore up to 42 km to earn Marathon Visor Pikachu, enjoy increased chances of encountering Shiny Electrike and Shiny Hisuian Growlithe, and unlock new GO Pass rewards. The event runs from Tuesday, October 13, at 10:00 a.m. to Monday, October 19, 2026, at 8:00 p.m. local time ."
fall_marathon_buddy_trek,Fall Marathon: Buddy Trek,Pikachu,True,Shiny/Pikachu_shiny.png,Event — Hisuian — Shiny,Event,Event,,,"Bramblin makes its Pokemon GO debut during Fall Marathon: Buddy Trek! Explore up to 42 km to earn Marathon Visor Pikachu, enjoy increased chances of encountering Shiny Electrike and Shiny Hisuian Growlithe, and unlock new GO Pass rewards. The event runs from Tuesday, October 13, at 10:00 a.m. to Monday, October 19, 2026, at 8:00 p.m. local time ."
fall_marathon_buddy_trek,Fall Marathon: Buddy Trek,Manectric,False,Mega/Manectric_mega.png,Field Research — Mega — Normal,Research,Field Research,,,Mega Manectric
fall_marathon_buddy_trek,Fall Marathon: Buddy Trek,Manectric,False,Mega/Manectric_mega.png,Field Research — Mega — Normal,Research,Field Research,,,Mega Manectric
fall_marathon_buddy_trek,Fall Marathon: Buddy Trek,Manectric,True,Mega/Shiny/Manectric_mega_shiny.png,Field Research — Mega — Shiny,Research,Field Research,,,Mega Manectric
fall_marathon_buddy_trek,Fall Marathon: Buddy Trek,Manectric,False,Mega/Manectric_mega.png,Field Research — Mega Super — Normal,Research,Field Research,,,"To reach Super Max Level, first raise Manectric to Mega Level 3 (Max). Mega Evolving alone is not enough to progress to Super Max; you must also use Manectric Mega Energy to power it up."
fall_marathon_buddy_trek,Fall Marathon: Buddy Trek,Ponyta,False,Normal/Ponyta.png,Wild Encounters — Normal,Wild,Wild Encounters,,,Ponyta
fall_marathon_buddy_trek,Fall Marathon: Buddy Trek,Ponyta,True,Shiny/Ponyta_shiny.png,Wild Encounters — Shiny,Wild,Wild Encounters,,,Ponyta
fall_marathon_buddy_trek,Fall Marathon: Buddy Trek,Ponyta,False,Normal/Ponyta.png,Wild Encounters — Normal,Wild,Wild Encounters,,,Ponyta
fall_marathon_buddy_trek,Fall Marathon: Buddy Trek,Doduo,False,Normal/Doduo.png,Wild Encounters — Normal,Wild,Wild Encounters,,,Doduo
fall_marathon_buddy_trek,Fall Marathon: Buddy Trek,Doduo,True,Shiny/Doduo_shiny.png,Wild Encounters — Shiny,Wild,Wild Encounters,,,Doduo
fall_marathon_buddy_trek,Fall Marathon: Buddy Trek,Doduo,False,Normal/Doduo.png,Wild Encounters — Normal,Wild,Wild Encounters,,,Doduo
fall_marathon_buddy_trek,Fall Marathon: Buddy Trek,Electrike,False,Normal/Electrike.png,Wild Encounters — Normal,Wild,Wild Encounters,,,Electrike
fall_marathon_buddy_trek,Fall Marathon: Buddy Trek,Electrike,True,Shiny/Electrike_shiny.png,Wild Encounters — Shiny,Wild,Wild Encounters,,,Electrike
fall_marathon_buddy_trek,Fall Marathon: Buddy Trek,Electrike,False,Normal/Electrike.png,Wild Encounters — Normal,Wild,Wild Encounters,,,Electrike
fall_marathon_buddy_trek,Fall Marathon: Buddy Trek,Blitzle,False,Normal/Blitzle.png,Wild Encounters — Normal,Wild,Wild Encounters,,,Blitzle
fall_marathon_buddy_trek,Fall Marathon: Buddy Trek,Blitzle,True,Shiny/Blitzle_shiny.png,Wild Encounters — Shiny,Wild,Wild Encounters,,,Blitzle
fall_marathon_buddy_trek,Fall Marathon: Buddy Trek,Blitzle,False,Normal/Blitzle.png,Wild Encounters — Normal,Wild,Wild Encounters,,,Blitzle
fall_marathon_buddy_trek,Fall Marathon: Buddy Trek,Skarmory,False,Normal/Skarmory.png,Wild Encounters — Normal,Wild,Wild Encounters,,,You might also encounter Skarmory!
fall_marathon_buddy_trek,Fall Marathon: Buddy Trek,Skarmory,False,Normal/Skarmory.png,Wild Encounters — Normal,Wild,Wild Encounters,,,Skarmory
fall_marathon_buddy_trek,Fall Marathon: Buddy Trek,Skarmory,True,Shiny/Skarmory_shiny.png,Wild Encounters — Shiny,Wild,Wild Encounters,,,Skarmory
fall_marathon_buddy_trek,Fall Marathon: Buddy Trek,Ponyta,False,Galarian/Ponyta_galarian.png,Incense — Galarian — Normal,Incense,Incense,,,Galarian Ponyta
fall_marathon_buddy_trek,Fall Marathon: Buddy Trek,Ponyta,True,Galarian/Shiny/Ponyta_galarian_shiny.png,Incense — Galarian — Shiny,Incense,Incense,,,Galarian Ponyta
fall_marathon_buddy_trek,Fall Marathon: Buddy Trek,Ponyta,False,Galarian/Ponyta_galarian.png,Incense — Galarian — Normal,Incense,Incense,,,Galarian Ponyta
fall_marathon_buddy_trek,Fall Marathon: Buddy Trek,Hoppip,False,Normal/Hoppip.png,Incense — Normal,Incense,Incense,,,Hoppip
fall_marathon_buddy_trek,Fall Marathon: Buddy Trek,Hoppip,True,Shiny/Hoppip_shiny.png,Incense — Shiny,Incense,Incense,,,Hoppip
fall_marathon_buddy_trek,Fall Marathon: Buddy Trek,Hoppip,False,Normal/Hoppip.png,Incense — Normal,Incense,Incense,,,Hoppip
fall_marathon_buddy_trek,Fall Marathon: Buddy Trek,Dwebble,False,Normal/Dwebble.png,Incense — Normal,Incense,Incense,,,Dwebble
fall_marathon_buddy_trek,Fall Marathon: Buddy Trek,Dwebble,True,Shiny/Dwebble_shiny.png,Incense — Shiny,Incense,Incense,,,Dwebble
fall_marathon_buddy_trek,Fall Marathon: Buddy Trek,Dwebble,False,Normal/Dwebble.png,Incense — Normal,Incense,Incense,,,Dwebble
fall_marathon_buddy_trek,Fall Marathon: Buddy Trek,Growlithe,False,Hisuian/Growlithe_hisuian.png,Incense — Hisuian — Normal,Incense,Incense,,,Hisuian Growlithe
fall_marathon_buddy_trek,Fall Marathon: Buddy Trek,Growlithe,True,Hisuian/Shiny/Growlithe_hisuian_shiny.png,Incense — Hisuian — Shiny,Incense,Incense,,,Hisuian Growlithe
fall_marathon_buddy_trek,Fall Marathon: Buddy Trek,Growlithe,False,Hisuian/Growlithe_hisuian.png,Incense — Hisuian — Normal,Incense,Incense,,,Hisuian Growlithe
fall_marathon_buddy_trek,Fall Marathon: Buddy Trek,Nincada,False,Normal/Nincada.png,Incense — Normal,Incense,Incense,,,Nincada
fall_marathon_buddy_trek,Fall Marathon: Buddy Trek,Nincada,True,Shiny/Nincada_shiny.png,Incense — Shiny,Incense,Incense,,,Nincada
fall_marathon_buddy_trek,Fall Marathon: Buddy Trek,Nincada,False,Normal/Nincada.png,Incense — Normal,Incense,Incense,,,Nincada
fall_marathon_buddy_trek,Fall Marathon: Buddy Trek,Helioptile,False,Normal/Helioptile.png,Incense — Normal,Incense,Incense,,,Helioptile
fall_marathon_buddy_trek,Fall Marathon: Buddy Trek,Helioptile,True,Shiny/Helioptile_shiny.png,Incense — Shiny,Incense,Incense,,,Helioptile
fall_marathon_buddy_trek,Fall Marathon: Buddy Trek,Helioptile,False,Normal/Helioptile.png,Incense — Normal,Incense,Incense,,,Helioptile
fall_marathon_buddy_trek,Fall Marathon: Buddy Trek,Doduo,False,Normal/Doduo.png,Field Research — Normal,Research,Field Research,,,Doduo
fall_marathon_buddy_trek,Fall Marathon: Buddy Trek,Doduo,True,Shiny/Doduo_shiny.png,Field Research — Shiny,Research,Field Research,,,Doduo
fall_marathon_buddy_trek,Fall Marathon: Buddy Trek,Electrike,False,Normal/Electrike.png,Field Research — Normal,Research,Field Research,,,Electrike
fall_marathon_buddy_trek,Fall Marathon: Buddy Trek,Electrike,True,Shiny/Electrike_shiny.png,Field Research — Shiny,Research,Field Research,,,Electrike
fall_marathon_buddy_trek,Fall Marathon: Buddy Trek,Pikachu,False,Costume/Pikachu_marathon_visor.png,Timed Research — Marathon Visor — Normal,Research,Timed Research,,,"Free Timed Research will reward 16,800 XP and an encounter with Marathon Visor Pikachu . Explore up to 42 km to complete the research."
fall_marathon_buddy_trek,Fall Marathon: Buddy Trek,Pikachu,False,Costume/Pikachu_marathon_visor.png,Timed Research — Marathon Visor — Normal,Research,Timed Research,,,REWARDS Marathon Visor Pikachu
fall_marathon_buddy_trek,Fall Marathon: Buddy Trek,Pikachu,False,Costume/Pikachu_marathon_visor.png,Timed Research — Marathon Visor — Normal,Research,Timed Research,,,Marathon Visor Pikachu
fall_marathon_buddy_trek,Fall Marathon: Buddy Trek,Manectric,False,Mega/Manectric_mega.png,Incense — Mega — Normal,Incense,Incense,,,Manectric Mega Energy
fall_marathon_buddy_trek,Fall Marathon: Buddy Trek,Electrike,False,Normal/Electrike.png,Incense — Normal,Incense,Incense,,,You will have an increased chance of encountering Shiny Electrike throughout the event.
fall_marathon_buddy_trek,Fall Marathon: Buddy Trek,Electrike,True,Shiny/Electrike_shiny.png,Incense — Shiny,Incense,Incense,,,You will have an increased chance of encountering Shiny Electrike throughout the event.
world_space_week_2026,World Space Week 2026,Pikachu,False,Costume/Pikachu_new_year.png,Raids — Saturday — Costume — Normal,Raid,Raids,Saturday,,Blast off with Astronaut Pikachu during World Space Week! This new costumed Pokemon makes its Pokemon GO debut in raids and free Timed Research.
world_space_week_2026,World Space Week 2026,Pikachu,False,Normal/Pikachu.png,Raids — Saturday — Normal,Raid,Raids,Saturday,,Astronaut Pikachu will appear for the first time in Pokemon GO! Encounter it in one-star raids or through free Timed Research during this event.
world_space_week_2026,World Space Week 2026,Pikachu,False,Normal/Pikachu.png,Raids — Saturday — Normal,Raid,Raids,Saturday,,"Astronaut Pikachu will appear in one-star raids. If you're lucky, you might encounter a Shiny one!"
world_space_week_2026,World Space Week 2026,Pikachu,True,Shiny/Pikachu_shiny.png,Raids — Saturday — Shiny,Raid,Raids,Saturday,,"Astronaut Pikachu will appear in one-star raids. If you're lucky, you might encounter a Shiny one!"
world_space_week_2026,World Space Week 2026,Pikachu,False,Normal/Pikachu.png,Timed Research — Saturday — Normal,Research,Timed Research,Saturday,,Free Timed Research will be available during the event. Complete the tasks to earn an encounter with Astronaut Pikachu and other rewards.
world_space_week_2026,World Space Week 2026,Pikachu,False,Costume/Pikachu_2023.png,Raids — Saturday — Costume — Normal,Raid,Raids,Saturday,,"Shiny Astronaut Pikachu will be available when the costume debuts. If you're lucky, you might encounter one in raids or from Timed Research!"
world_space_week_2026,World Space Week 2026,Pikachu,True,Costume/Shiny/Pikachu_2023_shiny.png,Raids — Saturday — Costume — Shiny,Raid,Raids,Saturday,,"Shiny Astronaut Pikachu will be available when the costume debuts. If you're lucky, you might encounter one in raids or from Timed Research!"
pokemon_go_halloween_2026_part_i,Pokémon GO Halloween 2026 Part I,Pikachu,False,Costume/Pikachu_party_hat.png,Bonuses — Sunday — Cap — Normal,Bonus,Bonuses,Sunday,,Pikachu wearing a hat and capelet
pokemon_go_halloween_2026_part_i,Pokémon GO Halloween 2026 Part I,Pikachu,True,Shiny/Pikachu_shiny.png,Bonuses — Sunday — Cap — Shiny,Bonus,Bonuses,Sunday,,Pikachu wearing a hat and capelet
pokemon_go_halloween_2026_part_i,Pokémon GO Halloween 2026 Part I,Pikachu,False,Costume/Pikachu_party_hat.png,Bonuses — Sunday — Cap — Normal,Bonus,Bonuses,Sunday,,Pikachu wearing a hat and capelet
pokemon_go_halloween_2026_part_i,Pokémon GO Halloween 2026 Part I,Zubat,False,Normal/Zubat.png,Bonuses — Sunday — Top Hat — Normal,Bonus,Bonuses,Sunday,,Zubat wearing a top hat
pokemon_go_halloween_2026_part_i,Pokémon GO Halloween 2026 Part I,Zubat,True,Shiny/Zubat_shiny.png,Bonuses — Sunday — Top Hat — Shiny,Bonus,Bonuses,Sunday,,Zubat wearing a top hat
pokemon_go_halloween_2026_part_i,Pokémon GO Halloween 2026 Part I,Zubat,False,Normal/Zubat.png,Bonuses — Sunday — Top Hat — Normal,Bonus,Bonuses,Sunday,,Zubat wearing a top hat
pokemon_go_halloween_2026_part_i,Pokémon GO Halloween 2026 Part I,Sinistea,False,Normal/Sinistea.png,Bonuses — Sunday — Bow — Normal,Bonus,Bonuses,Sunday,,Sinistea wearing a bow
pokemon_go_halloween_2026_part_i,Pokémon GO Halloween 2026 Part I,Sinistea,True,Shiny/Sinistea_antique_shiny.png,Bonuses — Sunday — Bow — Shiny,Bonus,Bonuses,Sunday,,Sinistea wearing a bow
pokemon_go_halloween_2026_part_i,Pokémon GO Halloween 2026 Part I,Sinistea,False,Normal/Sinistea.png,Bonuses — Sunday — Bow — Normal,Bonus,Bonuses,Sunday,,Sinistea wearing a bow
pokemon_go_halloween_2026_part_i,Pokémon GO Halloween 2026 Part I,Sinistea,False,Normal/Sinistea.png,Bonuses — Sunday — Normal,Wild,Bonuses,Sunday,,"Look for spooky surprises left by mischievous Pokemon in the wild. Tap them for a chance to receive event-themed Pokemon encounters, Pikachu Candy, Zubat Candy, Sinistea Candy, or, if you're lucky, Rare Candy!"
pokemon_go_halloween_2026_part_i,Pokémon GO Halloween 2026 Part I,Sinistea,True,Shiny/Sinistea_antique_shiny.png,Bonuses — Sunday — Shiny,Wild,Bonuses,Sunday,,"Look for spooky surprises left by mischievous Pokemon in the wild. Tap them for a chance to receive event-themed Pokemon encounters, Pikachu Candy, Zubat Candy, Sinistea Candy, or, if you're lucky, Rare Candy!"
pokemon_go_halloween_2026_part_i,Pokémon GO Halloween 2026 Part I,Pikachu,False,Normal/Pikachu.png,Bonuses — Sunday — Normal,Wild,Bonuses,Sunday,,"Look for spooky surprises left by mischievous Pokemon in the wild. Tap them for a chance to receive event-themed Pokemon encounters, Pikachu Candy, Zubat Candy, Sinistea Candy, or, if you're lucky, Rare Candy!"
pokemon_go_halloween_2026_part_i,Pokémon GO Halloween 2026 Part I,Pikachu,True,Shiny/Pikachu_shiny.png,Bonuses — Sunday — Shiny,Wild,Bonuses,Sunday,,"Look for spooky surprises left by mischievous Pokemon in the wild. Tap them for a chance to receive event-themed Pokemon encounters, Pikachu Candy, Zubat Candy, Sinistea Candy, or, if you're lucky, Rare Candy!"
pokemon_go_halloween_2026_part_i,Pokémon GO Halloween 2026 Part I,Zubat,False,Normal/Zubat.png,Bonuses — Sunday — Normal,Wild,Bonuses,Sunday,,"Look for spooky surprises left by mischievous Pokemon in the wild. Tap them for a chance to receive event-themed Pokemon encounters, Pikachu Candy, Zubat Candy, Sinistea Candy, or, if you're lucky, Rare Candy!"
pokemon_go_halloween_2026_part_i,Pokémon GO Halloween 2026 Part I,Zubat,True,Shiny/Zubat_shiny.png,Bonuses — Sunday — Shiny,Wild,Bonuses,Sunday,,"Look for spooky surprises left by mischievous Pokemon in the wild. Tap them for a chance to receive event-themed Pokemon encounters, Pikachu Candy, Zubat Candy, Sinistea Candy, or, if you're lucky, Rare Candy!"
pokemon_go_halloween_2026_part_i,Pokémon GO Halloween 2026 Part I,Duskull,False,Normal/Duskull.png,Bonuses — Sunday — Normal,Bonus,Bonuses,Sunday,,Duskull
pokemon_go_halloween_2026_part_i,Pokémon GO Halloween 2026 Part I,Duskull,True,Shiny/Duskull_shiny.png,Bonuses — Sunday — Shiny,Bonus,Bonuses,Sunday,,Duskull
pokemon_go_halloween_2026_part_i,Pokémon GO Halloween 2026 Part I,Duskull,False,Normal/Duskull.png,Bonuses — Sunday — Normal,Bonus,Bonuses,Sunday,,Duskull
pokemon_go_halloween_2026_part_i,Pokémon GO Halloween 2026 Part I,Piplup,False,Costume/Piplup_halloween.png,Bonuses — Sunday — Costume — Normal,Bonus,Bonuses,Sunday,,Piplup wearing a Halloween Mischief costume
pokemon_go_halloween_2026_part_i,Pokémon GO Halloween 2026 Part I,Piplup,True,Costume/Shiny/Piplup_halloween_shiny.png,Bonuses — Sunday — Costume — Shiny,Bonus,Bonuses,Sunday,,Piplup wearing a Halloween Mischief costume
pokemon_go_halloween_2026_part_i,Pokémon GO Halloween 2026 Part I,Piplup,False,Costume/Piplup_halloween.png,Bonuses — Sunday — Costume — Normal,Bonus,Bonuses,Sunday,,Piplup wearing a Halloween Mischief costume
pokemon_go_halloween_2026_part_i,Pokémon GO Halloween 2026 Part I,Drifblim,False,Costume/Drifblim_halloween.png,Bonuses — Sunday — Costume — Normal,Bonus,Bonuses,Sunday,,"If you're lucky, you might also encounter Drifblim wearing a Halloween Mischief costume ! All Pokemon listed above can be Shiny."
pokemon_go_halloween_2026_part_i,Pokémon GO Halloween 2026 Part I,Drifblim,True,Costume/Shiny/Drifblim_halloween_shiny.png,Bonuses — Sunday — Costume — Shiny,Bonus,Bonuses,Sunday,,"If you're lucky, you might also encounter Drifblim wearing a Halloween Mischief costume ! All Pokemon listed above can be Shiny."
pokemon_go_halloween_2026_part_i,Pokémon GO Halloween 2026 Part I,Sinistea,False,Normal/Sinistea.png,Field Research — Sunday — Top Hat — Normal,Research,Field Research,Sunday,,"Pikachu wearing a hat and capelet, Zubat wearing a top hat, and Sinistea wearing a bow will be available in their Shiny variants from their debut!"
pokemon_go_halloween_2026_part_i,Pokémon GO Halloween 2026 Part I,Sinistea,True,Shiny/Sinistea_antique_shiny.png,Field Research — Sunday — Top Hat — Shiny,Research,Field Research,Sunday,,"Pikachu wearing a hat and capelet, Zubat wearing a top hat, and Sinistea wearing a bow will be available in their Shiny variants from their debut!"
pokemon_go_halloween_2026_part_i,Pokémon GO Halloween 2026 Part I,Pikachu,False,Costume/Pikachu_party_hat.png,Field Research — Sunday — Top Hat — Normal,Research,Field Research,Sunday,,"Pikachu wearing a hat and capelet, Zubat wearing a top hat, and Sinistea wearing a bow will be available in their Shiny variants from their debut!"
pokemon_go_halloween_2026_part_i,Pokémon GO Halloween 2026 Part I,Pikachu,True,Shiny/Pikachu_shiny.png,Field Research — Sunday — Top Hat — Shiny,Research,Field Research,Sunday,,"Pikachu wearing a hat and capelet, Zubat wearing a top hat, and Sinistea wearing a bow will be available in their Shiny variants from their debut!"
pokemon_go_halloween_2026_part_i,Pokémon GO Halloween 2026 Part I,Zubat,False,Normal/Zubat.png,Field Research — Sunday — Top Hat — Normal,Research,Field Research,Sunday,,"Pikachu wearing a hat and capelet, Zubat wearing a top hat, and Sinistea wearing a bow will be available in their Shiny variants from their debut!"
pokemon_go_halloween_2026_part_i,Pokémon GO Halloween 2026 Part I,Zubat,True,Shiny/Zubat_shiny.png,Field Research — Sunday — Top Hat — Shiny,Research,Field Research,Sunday,,"Pikachu wearing a hat and capelet, Zubat wearing a top hat, and Sinistea wearing a bow will be available in their Shiny variants from their debut!"
wild_area_wild_area_pokemon_go_wild_area_2026_global,Wild Area Wild Area Pokémon GO Wild Area 2026: Global,Duraludon,False,Normal/Duraludon.png,Event — Sunday — Normal,Wild,Event,Sunday,,"GO Wild Area returns in 2026 with Steel- and Dragon-type Pokemon, the debuts of Gigantamax Duraludon, Dynamax Dialga, and Dynamax Palkia, and powerful mighty Pokemon. Collect GO Safari Balls to help catch these challenging encounters!"
wild_area_wild_area_pokemon_go_wild_area_2026_global,Wild Area Wild Area Pokémon GO Wild Area 2026: Global,Dialga,False,Normal/Dialga.png,Event — Sunday — Normal,Wild,Event,Sunday,,"GO Wild Area returns in 2026 with Steel- and Dragon-type Pokemon, the debuts of Gigantamax Duraludon, Dynamax Dialga, and Dynamax Palkia, and powerful mighty Pokemon. Collect GO Safari Balls to help catch these challenging encounters!"
wild_area_wild_area_pokemon_go_wild_area_2026_global,Wild Area Wild Area Pokémon GO Wild Area 2026: Global,Palkia,False,Normal/Palkia.png,Event — Sunday — Normal,Wild,Event,Sunday,,"GO Wild Area returns in 2026 with Steel- and Dragon-type Pokemon, the debuts of Gigantamax Duraludon, Dynamax Dialga, and Dynamax Palkia, and powerful mighty Pokemon. Collect GO Safari Balls to help catch these challenging encounters!"
wild_area_wild_area_pokemon_go_wild_area_2026_global,Wild Area Wild Area Pokémon GO Wild Area 2026: Global,Duraludon,False,Normal/Duraludon.png,Bonuses — Day 1 — Normal,Bonus,Bonuses,Day 1,,Gigantamax Duraludon Debuts
wild_area_wild_area_pokemon_go_wild_area_2026_global,Wild Area Wild Area Pokémon GO Wild Area 2026: Global,Duraludon,False,Normal/Duraludon.png,Bonuses — Day 1 — Large — Normal,Wild,Bonuses,Day 1,,Gigantamax Duraludon makes its Pokemon GO debut at Pokemon GO Wild Area! This larger-than-life Pokemon will appear in six-star Max Battles during the event.
wild_area_wild_area_pokemon_go_wild_area_2026_global,Wild Area Wild Area Pokémon GO Wild Area 2026: Global,Duraludon,False,Normal/Duraludon.png,Special Research — Day 1 — Normal,Research,Special Research,Day 1,,Ticket-holding Trainers can learn more about Gigantamax Duraludon in the event-exclusive Special Research story. Complete it for an encounter with Gigantamax Duraludon with a Special Background !
wild_area_wild_area_pokemon_go_wild_area_2026_global,Wild Area Wild Area Pokémon GO Wild Area 2026: Global,Duraludon,False,Normal/Duraludon.png,Special Research — Day 1 — Normal,Research,Special Research,Day 1,,Gigantamax Duraludon
wild_area_wild_area_pokemon_go_wild_area_2026_global,Wild Area Wild Area Pokémon GO Wild Area 2026: Global,Duraludon,True,Shiny/Duraludon_shiny.png,Special Research — Day 1 — Shiny,Research,Special Research,Day 1,,Gigantamax Duraludon
wild_area_wild_area_pokemon_go_wild_area_2026_global,Wild Area Wild Area Pokémon GO Wild Area 2026: Global,Dialga,False,Normal/Dialga.png,Special Research — Day 1 — Normal,Research,Special Research,Day 1,,Dynamax Dialga and Dynamax Palkia
wild_area_wild_area_pokemon_go_wild_area_2026_global,Wild Area Wild Area Pokémon GO Wild Area 2026: Global,Palkia,False,Normal/Palkia.png,Special Research — Day 1 — Normal,Research,Special Research,Day 1,,Dynamax Dialga and Dynamax Palkia
wild_area_wild_area_pokemon_go_wild_area_2026_global,Wild Area Wild Area Pokémon GO Wild Area 2026: Global,Dialga,False,Normal/Dialga.png,Special Research — Day 1 — Normal,Wild,Special Research,Day 1,,Dynamax Dialga and Dynamax Palkia make their Pokemon GO debuts during GO Wild Area 2026. Both can be Shiny!
wild_area_wild_area_pokemon_go_wild_area_2026_global,Wild Area Wild Area Pokémon GO Wild Area 2026: Global,Dialga,True,Shiny/Dialga_origin_shiny.png,Special Research — Day 1 — Shiny,Wild,Special Research,Day 1,,Dynamax Dialga and Dynamax Palkia make their Pokemon GO debuts during GO Wild Area 2026. Both can be Shiny!
wild_area_wild_area_pokemon_go_wild_area_2026_global,Wild Area Wild Area Pokémon GO Wild Area 2026: Global,Palkia,False,Normal/Palkia.png,Special Research — Day 1 — Normal,Wild,Special Research,Day 1,,Dynamax Dialga and Dynamax Palkia make their Pokemon GO debuts during GO Wild Area 2026. Both can be Shiny!
wild_area_wild_area_pokemon_go_wild_area_2026_global,Wild Area Wild Area Pokémon GO Wild Area 2026: Global,Palkia,True,Shiny/Palkia_origin_shiny.png,Special Research — Day 1 — Shiny,Wild,Special Research,Day 1,,Dynamax Dialga and Dynamax Palkia make their Pokemon GO debuts during GO Wild Area 2026. Both can be Shiny!
wild_area_wild_area_pokemon_go_wild_area_2026_global,Wild Area Wild Area Pokémon GO Wild Area 2026: Global,Dialga,False,Normal/Dialga.png,Special Research — Saturday — Normal,Research,Special Research,Saturday,,"For Global, Dynamax Dialga appears on Saturday, November 14 , and Dynamax Palkia appears on Sunday, November 15 ."
wild_area_wild_area_pokemon_go_wild_area_2026_global,Wild Area Wild Area Pokémon GO Wild Area 2026: Global,Palkia,False,Normal/Palkia.png,Special Research — Saturday — Normal,Research,Special Research,Saturday,,"For Global, Dynamax Dialga appears on Saturday, November 14 , and Dynamax Palkia appears on Sunday, November 15 ."
wild_area_wild_area_pokemon_go_wild_area_2026_global,Wild Area Wild Area Pokémon GO Wild Area 2026: Global,Machamp,False,Normal/Machamp.png,Special Research — Saturday — Normal,Research,Special Research,Saturday,,Machamp Wearing a Modern Jacket
wild_area_wild_area_pokemon_go_wild_area_2026_global,Wild Area Wild Area Pokémon GO Wild Area 2026: Global,Machamp,False,Normal/Machamp.png,Raids — Saturday — Costume — Normal,Raid,Raids,Saturday,,A new costumed Machamp appears in three-star raids during the event. Lucky Trainers may encounter a Shiny one!
wild_area_wild_area_pokemon_go_wild_area_2026_global,Wild Area Wild Area Pokémon GO Wild Area 2026: Global,Machamp,True,Shiny/Machamp_shiny.png,Raids — Saturday — Costume — Shiny,Raid,Raids,Saturday,,A new costumed Machamp appears in three-star raids during the event. Lucky Trainers may encounter a Shiny one!
wild_area_wild_area_pokemon_go_wild_area_2026_global,Wild Area Wild Area Pokémon GO Wild Area 2026: Global,Duraludon,False,Normal/Duraludon.png,Raids — Saturday — Normal,Raid,Raids,Saturday,,"After a successful catch from raids or Max Battles, Machamp wearing a modern jacket, Dynamax Dialga, Dynamax Palkia, Reshiram, Zekrom, Kyurem, and Gigantamax Duraludon have a chance to have a new Special Background ."
wild_area_wild_area_pokemon_go_wild_area_2026_global,Wild Area Wild Area Pokémon GO Wild Area 2026: Global,Reshiram,False,Normal/Reshiram.png,Raids — Saturday — Normal,Raid,Raids,Saturday,,"After a successful catch from raids or Max Battles, Machamp wearing a modern jacket, Dynamax Dialga, Dynamax Palkia, Reshiram, Zekrom, Kyurem, and Gigantamax Duraludon have a chance to have a new Special Background ."
wild_area_wild_area_pokemon_go_wild_area_2026_global,Wild Area Wild Area Pokémon GO Wild Area 2026: Global,Machamp,False,Normal/Machamp.png,Raids — Saturday — Normal,Raid,Raids,Saturday,,"After a successful catch from raids or Max Battles, Machamp wearing a modern jacket, Dynamax Dialga, Dynamax Palkia, Reshiram, Zekrom, Kyurem, and Gigantamax Duraludon have a chance to have a new Special Background ."
wild_area_wild_area_pokemon_go_wild_area_2026_global,Wild Area Wild Area Pokémon GO Wild Area 2026: Global,Dialga,False,Normal/Dialga.png,Raids — Saturday — Normal,Raid,Raids,Saturday,,"After a successful catch from raids or Max Battles, Machamp wearing a modern jacket, Dynamax Dialga, Dynamax Palkia, Reshiram, Zekrom, Kyurem, and Gigantamax Duraludon have a chance to have a new Special Background ."
wild_area_wild_area_pokemon_go_wild_area_2026_global,Wild Area Wild Area Pokémon GO Wild Area 2026: Global,Palkia,False,Normal/Palkia.png,Raids — Saturday — Normal,Raid,Raids,Saturday,,"After a successful catch from raids or Max Battles, Machamp wearing a modern jacket, Dynamax Dialga, Dynamax Palkia, Reshiram, Zekrom, Kyurem, and Gigantamax Duraludon have a chance to have a new Special Background ."
wild_area_wild_area_pokemon_go_wild_area_2026_global,Wild Area Wild Area Pokémon GO Wild Area 2026: Global,Zekrom,False,Normal/Zekrom.png,Raids — Saturday — Normal,Raid,Raids,Saturday,,"After a successful catch from raids or Max Battles, Machamp wearing a modern jacket, Dynamax Dialga, Dynamax Palkia, Reshiram, Zekrom, Kyurem, and Gigantamax Duraludon have a chance to have a new Special Background ."
wild_area_wild_area_pokemon_go_wild_area_2026_global,Wild Area Wild Area Pokémon GO Wild Area 2026: Global,Kyurem,False,Normal/Kyurem.png,Raids — Saturday — Normal,Raid,Raids,Saturday,,"After a successful catch from raids or Max Battles, Machamp wearing a modern jacket, Dynamax Dialga, Dynamax Palkia, Reshiram, Zekrom, Kyurem, and Gigantamax Duraludon have a chance to have a new Special Background ."
wild_area_wild_area_pokemon_go_wild_area_2026_global,Wild Area Wild Area Pokémon GO Wild Area 2026: Global,Latias,False,Normal/Latias.png,Raids — Saturday — Normal,Raid,Raids,Saturday,,Mighty Latias and Latios
wild_area_wild_area_pokemon_go_wild_area_2026_global,Wild Area Wild Area Pokémon GO Wild Area 2026: Global,Latios,False,Normal/Latios.png,Raids — Saturday — Normal,Raid,Raids,Saturday,,Mighty Latias and Latios
wild_area_wild_area_pokemon_go_wild_area_2026_global,Wild Area Wild Area Pokémon GO Wild Area 2026: Global,Latias,False,Normal/Latias.png,Incense — Saturday — Normal,Incense,Incense,Saturday,,"Ticket holders may attract mighty Latias and Latios with Incense, excluding Daily Adventure Incense, on both event days. Both can be Shiny and are quick to flee, so keep GO Safari Balls ready."
wild_area_wild_area_pokemon_go_wild_area_2026_global,Wild Area Wild Area Pokémon GO Wild Area 2026: Global,Latias,True,Shiny/Latias_shiny.png,Incense — Saturday — Shiny,Incense,Incense,Saturday,,"Ticket holders may attract mighty Latias and Latios with Incense, excluding Daily Adventure Incense, on both event days. Both can be Shiny and are quick to flee, so keep GO Safari Balls ready."
wild_area_wild_area_pokemon_go_wild_area_2026_global,Wild Area Wild Area Pokémon GO Wild Area 2026: Global,Latios,False,Normal/Latios.png,Incense — Saturday — Normal,Incense,Incense,Saturday,,"Ticket holders may attract mighty Latias and Latios with Incense, excluding Daily Adventure Incense, on both event days. Both can be Shiny and are quick to flee, so keep GO Safari Balls ready."
wild_area_wild_area_pokemon_go_wild_area_2026_global,Wild Area Wild Area Pokémon GO Wild Area 2026: Global,Latios,True,Shiny/Latios_shiny.png,Incense — Saturday — Shiny,Incense,Incense,Saturday,,"Ticket holders may attract mighty Latias and Latios with Incense, excluding Daily Adventure Incense, on both event days. Both can be Shiny and are quick to flee, so keep GO Safari Balls ready."
wild_area_wild_area_pokemon_go_wild_area_2026_global,Wild Area Wild Area Pokémon GO Wild Area 2026: Global,Sandshrew,False,Alolan/Sandshrew_alolan.png,Habitat — Saturday — Rotating Habitat Hours — Alolan — Normal,Wild,Habitat,Saturday,Rotating Habitat Hours,Alolan Sandshrew
wild_area_wild_area_pokemon_go_wild_area_2026_global,Wild Area Wild Area Pokémon GO Wild Area 2026: Global,Sandshrew,True,Alolan/Shiny/Sandshrew_alolan_shiny.png,Habitat — Saturday — Rotating Habitat Hours — Alolan — Shiny,Wild,Habitat,Saturday,Rotating Habitat Hours,Alolan Sandshrew
wild_area_wild_area_pokemon_go_wild_area_2026_global,Wild Area Wild Area Pokémon GO Wild Area 2026: Global,Sandshrew,False,Alolan/Sandshrew_alolan.png,Habitat — Saturday — Rotating Habitat Hours — Alolan — Normal,Wild,Habitat,Saturday,Rotating Habitat Hours,Alolan Sandshrew
wild_area_wild_area_pokemon_go_wild_area_2026_global,Wild Area Wild Area Pokémon GO Wild Area 2026: Global,Diglett,False,Alolan/Diglett_alolan.png,Habitat — Saturday — Rotating Habitat Hours — Alolan — Normal,Wild,Habitat,Saturday,Rotating Habitat Hours,Alolan Diglett
wild_area_wild_area_pokemon_go_wild_area_2026_global,Wild Area Wild Area Pokémon GO Wild Area 2026: Global,Diglett,True,Alolan/Shiny/Diglett_alolan_shiny.png,Habitat — Saturday — Rotating Habitat Hours — Alolan — Shiny,Wild,Habitat,Saturday,Rotating Habitat Hours,Alolan Diglett
wild_area_wild_area_pokemon_go_wild_area_2026_global,Wild Area Wild Area Pokémon GO Wild Area 2026: Global,Diglett,False,Alolan/Diglett_alolan.png,Habitat — Saturday — Rotating Habitat Hours — Alolan — Normal,Wild,Habitat,Saturday,Rotating Habitat Hours,Alolan Diglett
wild_area_wild_area_pokemon_go_wild_area_2026_global,Wild Area Wild Area Pokémon GO Wild Area 2026: Global,Magnemite,False,Normal/Magnemite.png,Habitat — Saturday — Rotating Habitat Hours — Normal,Wild,Habitat,Saturday,Rotating Habitat Hours,Magnemite
wild_area_wild_area_pokemon_go_wild_area_2026_global,Wild Area Wild Area Pokémon GO Wild Area 2026: Global,Magnemite,True,Shiny/Magnemite_shiny.png,Habitat — Saturday — Rotating Habitat Hours — Shiny,Wild,Habitat,Saturday,Rotating Habitat Hours,Magnemite
wild_area_wild_area_pokemon_go_wild_area_2026_global,Wild Area Wild Area Pokémon GO Wild Area 2026: Global,Magnemite,False,Normal/Magnemite.png,Habitat — Saturday — Rotating Habitat Hours — Normal,Wild,Habitat,Saturday,Rotating Habitat Hours,Magnemite
wild_area_wild_area_pokemon_go_wild_area_2026_global,Wild Area Wild Area Pokémon GO Wild Area 2026: Global,Shellder,False,Normal/Shellder.png,Habitat — Saturday — Rotating Habitat Hours — Normal,Wild,Habitat,Saturday,Rotating Habitat Hours,Shellder
wild_area_wild_area_pokemon_go_wild_area_2026_global,Wild Area Wild Area Pokémon GO Wild Area 2026: Global,Shellder,True,Shiny/Shellder_shiny.png,Habitat — Saturday — Rotating Habitat Hours — Shiny,Wild,Habitat,Saturday,Rotating Habitat Hours,Shellder
wild_area_wild_area_pokemon_go_wild_area_2026_global,Wild Area Wild Area Pokémon GO Wild Area 2026: Global,Shellder,False,Normal/Shellder.png,Habitat — Saturday — Rotating Habitat Hours — Normal,Wild,Habitat,Saturday,Rotating Habitat Hours,Shellder
wild_area_wild_area_pokemon_go_wild_area_2026_global,Wild Area Wild Area Pokémon GO Wild Area 2026: Global,Onix,False,Normal/Onix.png,Habitat — Saturday — Rotating Habitat Hours — Normal,Wild,Habitat,Saturday,Rotating Habitat Hours,Onix
wild_area_wild_area_pokemon_go_wild_area_2026_global,Wild Area Wild Area Pokémon GO Wild Area 2026: Global,Onix,True,Shiny/Onix_shiny.png,Habitat — Saturday — Rotating Habitat Hours — Shiny,Wild,Habitat,Saturday,Rotating Habitat Hours,Onix
wild_area_wild_area_pokemon_go_wild_area_2026_global,Wild Area Wild Area Pokémon GO Wild Area 2026: Global,Onix,False,Normal/Onix.png,Habitat — Saturday — Rotating Habitat Hours — Normal,Wild,Habitat,Saturday,Rotating Habitat Hours,Onix
wild_area_wild_area_pokemon_go_wild_area_2026_global,Wild Area Wild Area Pokémon GO Wild Area 2026: Global,Porygon,False,Normal/Porygon-Z.png,Habitat — Saturday — Rotating Habitat Hours — Normal,Wild,Habitat,Saturday,Rotating Habitat Hours,Porygon
wild_area_wild_area_pokemon_go_wild_area_2026_global,Wild Area Wild Area Pokémon GO Wild Area 2026: Global,Porygon,True,Shiny/Porygon-Z_shiny.png,Habitat — Saturday — Rotating Habitat Hours — Shiny,Wild,Habitat,Saturday,Rotating Habitat Hours,Porygon
wild_area_wild_area_pokemon_go_wild_area_2026_global,Wild Area Wild Area Pokémon GO Wild Area 2026: Global,Porygon,False,Normal/Porygon-Z.png,Habitat — Saturday — Rotating Habitat Hours — Normal,Wild,Habitat,Saturday,Rotating Habitat Hours,Porygon
wild_area_wild_area_pokemon_go_wild_area_2026_global,Wild Area Wild Area Pokémon GO Wild Area 2026: Global,Shuckle,False,Normal/Shuckle.png,Habitat — Saturday — Rotating Habitat Hours — Normal,Wild,Habitat,Saturday,Rotating Habitat Hours,Shuckle
wild_area_wild_area_pokemon_go_wild_area_2026_global,Wild Area Wild Area Pokémon GO Wild Area 2026: Global,Shuckle,True,Shiny/Shuckle_shiny.png,Habitat — Saturday — Rotating Habitat Hours — Shiny,Wild,Habitat,Saturday,Rotating Habitat Hours,Shuckle
wild_area_wild_area_pokemon_go_wild_area_2026_global,Wild Area Wild Area Pokémon GO Wild Area 2026: Global,Shuckle,False,Normal/Shuckle.png,Habitat — Saturday — Rotating Habitat Hours — Normal,Wild,Habitat,Saturday,Rotating Habitat Hours,Shuckle
wild_area_wild_area_pokemon_go_wild_area_2026_global,Wild Area Wild Area Pokémon GO Wild Area 2026: Global,Skarmory,False,Normal/Skarmory.png,Habitat — Saturday — Rotating Habitat Hours — Normal,Wild,Habitat,Saturday,Rotating Habitat Hours,Skarmory
wild_area_wild_area_pokemon_go_wild_area_2026_global,Wild Area Wild Area Pokémon GO Wild Area 2026: Global,Skarmory,True,Shiny/Skarmory_shiny.png,Habitat — Saturday — Rotating Habitat Hours — Shiny,Wild,Habitat,Saturday,Rotating Habitat Hours,Skarmory
wild_area_wild_area_pokemon_go_wild_area_2026_global,Wild Area Wild Area Pokémon GO Wild Area 2026: Global,Skarmory,False,Normal/Skarmory.png,Habitat — Saturday — Rotating Habitat Hours — Normal,Wild,Habitat,Saturday,Rotating Habitat Hours,Skarmory
wild_area_wild_area_pokemon_go_wild_area_2026_global,Wild Area Wild Area Pokémon GO Wild Area 2026: Global,Nosepass,False,Normal/Nosepass.png,Habitat — Saturday — Rotating Habitat Hours — Normal,Wild,Habitat,Saturday,Rotating Habitat Hours,Nosepass
wild_area_wild_area_pokemon_go_wild_area_2026_global,Wild Area Wild Area Pokémon GO Wild Area 2026: Global,Nosepass,True,Shiny/Nosepass_shiny.png,Habitat — Saturday — Rotating Habitat Hours — Shiny,Wild,Habitat,Saturday,Rotating Habitat Hours,Nosepass
wild_area_wild_area_pokemon_go_wild_area_2026_global,Wild Area Wild Area Pokémon GO Wild Area 2026: Global,Nosepass,False,Normal/Nosepass.png,Habitat — Saturday — Rotating Habitat Hours — Normal,Wild,Habitat,Saturday,Rotating Habitat Hours,Nosepass
wild_area_wild_area_pokemon_go_wild_area_2026_global,Wild Area Wild Area Pokémon GO Wild Area 2026: Global,Aron,False,Normal/Aron.png,Habitat — Saturday — Rotating Habitat Hours — Normal,Wild,Habitat,Saturday,Rotating Habitat Hours,Aron
wild_area_wild_area_pokemon_go_wild_area_2026_global,Wild Area Wild Area Pokémon GO Wild Area 2026: Global,Aron,True,Shiny/Aron_shiny.png,Habitat — Saturday — Rotating Habitat Hours — Shiny,Wild,Habitat,Saturday,Rotating Habitat Hours,Aron
wild_area_wild_area_pokemon_go_wild_area_2026_global,Wild Area Wild Area Pokémon GO Wild Area 2026: Global,Aron,False,Normal/Aron.png,Habitat — Saturday — Rotating Habitat Hours — Normal,Wild,Habitat,Saturday,Rotating Habitat Hours,Aron
wild_area_wild_area_pokemon_go_wild_area_2026_global,Wild Area Wild Area Pokémon GO Wild Area 2026: Global,Beldum,False,Normal/Beldum.png,Habitat — Saturday — Rotating Habitat Hours — Normal,Wild,Habitat,Saturday,Rotating Habitat Hours,Beldum
wild_area_wild_area_pokemon_go_wild_area_2026_global,Wild Area Wild Area Pokémon GO Wild Area 2026: Global,Beldum,True,Shiny/Beldum_shiny.png,Habitat — Saturday — Rotating Habitat Hours — Shiny,Wild,Habitat,Saturday,Rotating Habitat Hours,Beldum
wild_area_wild_area_pokemon_go_wild_area_2026_global,Wild Area Wild Area Pokémon GO Wild Area 2026: Global,Beldum,False,Normal/Beldum.png,Habitat — Saturday — Rotating Habitat Hours — Normal,Wild,Habitat,Saturday,Rotating Habitat Hours,Beldum
wild_area_wild_area_pokemon_go_wild_area_2026_global,Wild Area Wild Area Pokémon GO Wild Area 2026: Global,Piplup,False,Normal/Piplup.png,Habitat — Saturday — Rotating Habitat Hours — Normal,Wild,Habitat,Saturday,Rotating Habitat Hours,Piplup
wild_area_wild_area_pokemon_go_wild_area_2026_global,Wild Area Wild Area Pokémon GO Wild Area 2026: Global,Piplup,True,Shiny/Piplup_shiny.png,Habitat — Saturday — Rotating Habitat Hours — Shiny,Wild,Habitat,Saturday,Rotating Habitat Hours,Piplup
wild_area_wild_area_pokemon_go_wild_area_2026_global,Wild Area Wild Area Pokémon GO Wild Area 2026: Global,Piplup,False,Normal/Piplup.png,Habitat — Saturday — Rotating Habitat Hours — Normal,Wild,Habitat,Saturday,Rotating Habitat Hours,Piplup
wild_area_wild_area_pokemon_go_wild_area_2026_global,Wild Area Wild Area Pokémon GO Wild Area 2026: Global,Shieldon,False,Normal/Shieldon.png,Habitat — Saturday — Rotating Habitat Hours — Normal,Wild,Habitat,Saturday,Rotating Habitat Hours,Shieldon
wild_area_wild_area_pokemon_go_wild_area_2026_global,Wild Area Wild Area Pokémon GO Wild Area 2026: Global,Shieldon,True,Shiny/Shieldon_shiny.png,Habitat — Saturday — Rotating Habitat Hours — Shiny,Wild,Habitat,Saturday,Rotating Habitat Hours,Shieldon
wild_area_wild_area_pokemon_go_wild_area_2026_global,Wild Area Wild Area Pokémon GO Wild Area 2026: Global,Shieldon,False,Normal/Shieldon.png,Habitat — Saturday — Rotating Habitat Hours — Normal,Wild,Habitat,Saturday,Rotating Habitat Hours,Shieldon
wild_area_wild_area_pokemon_go_wild_area_2026_global,Wild Area Wild Area Pokémon GO Wild Area 2026: Global,Bronzor,False,Normal/Bronzor.png,Habitat — Saturday — Rotating Habitat Hours — Normal,Wild,Habitat,Saturday,Rotating Habitat Hours,Bronzor
wild_area_wild_area_pokemon_go_wild_area_2026_global,Wild Area Wild Area Pokémon GO Wild Area 2026: Global,Bronzor,True,Shiny/Bronzor_shiny.png,Habitat — Saturday — Rotating Habitat Hours — Shiny,Wild,Habitat,Saturday,Rotating Habitat Hours,Bronzor
wild_area_wild_area_pokemon_go_wild_area_2026_global,Wild Area Wild Area Pokémon GO Wild Area 2026: Global,Bronzor,False,Normal/Bronzor.png,Habitat — Saturday — Rotating Habitat Hours — Normal,Wild,Habitat,Saturday,Rotating Habitat Hours,Bronzor
wild_area_wild_area_pokemon_go_wild_area_2026_global,Wild Area Wild Area Pokémon GO Wild Area 2026: Global,Lucario,False,Normal/Lucario.png,Habitat — Saturday — Rotating Habitat Hours — Normal,Wild,Habitat,Saturday,Rotating Habitat Hours,Lucario
wild_area_wild_area_pokemon_go_wild_area_2026_global,Wild Area Wild Area Pokémon GO Wild Area 2026: Global,Lucario,True,Shiny/Lucario_shiny.png,Habitat — Saturday — Rotating Habitat Hours — Shiny,Wild,Habitat,Saturday,Rotating Habitat Hours,Lucario
wild_area_wild_area_pokemon_go_wild_area_2026_global,Wild Area Wild Area Pokémon GO Wild Area 2026: Global,Lucario,False,Normal/Lucario.png,Habitat — Saturday — Rotating Habitat Hours — Normal,Wild,Habitat,Saturday,Rotating Habitat Hours,Lucario
wild_area_wild_area_pokemon_go_wild_area_2026_global,Wild Area Wild Area Pokémon GO Wild Area 2026: Global,Drilbur,False,Normal/Drilbur.png,Habitat — Saturday — Rotating Habitat Hours — Normal,Wild,Habitat,Saturday,Rotating Habitat Hours,Drilbur
wild_area_wild_area_pokemon_go_wild_area_2026_global,Wild Area Wild Area Pokémon GO Wild Area 2026: Global,Drilbur,True,Shiny/Drilbur_shiny.png,Habitat — Saturday — Rotating Habitat Hours — Shiny,Wild,Habitat,Saturday,Rotating Habitat Hours,Drilbur
wild_area_wild_area_pokemon_go_wild_area_2026_global,Wild Area Wild Area Pokémon GO Wild Area 2026: Global,Drilbur,False,Normal/Drilbur.png,Habitat — Saturday — Rotating Habitat Hours — Normal,Wild,Habitat,Saturday,Rotating Habitat Hours,Drilbur
wild_area_wild_area_pokemon_go_wild_area_2026_global,Wild Area Wild Area Pokémon GO Wild Area 2026: Global,Ferroseed,False,Normal/Ferroseed.png,Habitat — Saturday — Rotating Habitat Hours — Normal,Wild,Habitat,Saturday,Rotating Habitat Hours,Ferroseed
wild_area_wild_area_pokemon_go_wild_area_2026_global,Wild Area Wild Area Pokémon GO Wild Area 2026: Global,Ferroseed,True,Shiny/Ferroseed_shiny.png,Habitat — Saturday — Rotating Habitat Hours — Shiny,Wild,Habitat,Saturday,Rotating Habitat Hours,Ferroseed
wild_area_wild_area_pokemon_go_wild_area_2026_global,Wild Area Wild Area Pokémon GO Wild Area 2026: Global,Ferroseed,False,Normal/Ferroseed.png,Habitat — Saturday — Rotating Habitat Hours — Normal,Wild,Habitat,Saturday,Rotating Habitat Hours,Ferroseed
wild_area_wild_area_pokemon_go_wild_area_2026_global,Wild Area Wild Area Pokémon GO Wild Area 2026: Global,Klink,False,Normal/Klink.png,Habitat — Saturday — Rotating Habitat Hours — Normal,Wild,Habitat,Saturday,Rotating Habitat Hours,Klink
wild_area_wild_area_pokemon_go_wild_area_2026_global,Wild Area Wild Area Pokémon GO Wild Area 2026: Global,Klink,True,Shiny/Klink_shiny.png,Habitat — Saturday — Rotating Habitat Hours — Shiny,Wild,Habitat,Saturday,Rotating Habitat Hours,Klink
wild_area_wild_area_pokemon_go_wild_area_2026_global,Wild Area Wild Area Pokémon GO Wild Area 2026: Global,Klink,False,Normal/Klink.png,Habitat — Saturday — Rotating Habitat Hours — Normal,Wild,Habitat,Saturday,Rotating Habitat Hours,Klink
wild_area_wild_area_pokemon_go_wild_area_2026_global,Wild Area Wild Area Pokémon GO Wild Area 2026: Global,Stunfisk,False,Galarian/Stunfisk_galarian.png,Habitat — Saturday — Rotating Habitat Hours — Galarian — Normal,Wild,Habitat,Saturday,Rotating Habitat Hours,Galarian Stunfisk
wild_area_wild_area_pokemon_go_wild_area_2026_global,Wild Area Wild Area Pokémon GO Wild Area 2026: Global,Durant,False,Normal/Durant.png,Habitat — Saturday — Rotating Habitat Hours — Normal,Wild,Habitat,Saturday,Rotating Habitat Hours,Durant
wild_area_wild_area_pokemon_go_wild_area_2026_global,Wild Area Wild Area Pokémon GO Wild Area 2026: Global,Durant,True,Shiny/Durant_shiny.png,Habitat — Saturday — Rotating Habitat Hours — Shiny,Wild,Habitat,Saturday,Rotating Habitat Hours,Durant
wild_area_wild_area_pokemon_go_wild_area_2026_global,Wild Area Wild Area Pokémon GO Wild Area 2026: Global,Durant,False,Normal/Durant.png,Habitat — Saturday — Rotating Habitat Hours — Normal,Wild,Habitat,Saturday,Rotating Habitat Hours,Durant
wild_area_wild_area_pokemon_go_wild_area_2026_global,Wild Area Wild Area Pokémon GO Wild Area 2026: Global,Rookidee,False,Normal/Rookidee.png,Habitat — Saturday — Rotating Habitat Hours — Normal,Wild,Habitat,Saturday,Rotating Habitat Hours,Rookidee
wild_area_wild_area_pokemon_go_wild_area_2026_global,Wild Area Wild Area Pokémon GO Wild Area 2026: Global,Rookidee,True,Shiny/Rookidee_shiny.png,Habitat — Saturday — Rotating Habitat Hours — Shiny,Wild,Habitat,Saturday,Rotating Habitat Hours,Rookidee
wild_area_wild_area_pokemon_go_wild_area_2026_global,Wild Area Wild Area Pokémon GO Wild Area 2026: Global,Rookidee,False,Normal/Rookidee.png,Habitat — Saturday — Rotating Habitat Hours — Normal,Wild,Habitat,Saturday,Rotating Habitat Hours,Rookidee
wild_area_wild_area_pokemon_go_wild_area_2026_global,Wild Area Wild Area Pokémon GO Wild Area 2026: Global,Tinkatink,False,Normal/Tinkatink.png,Habitat — Saturday — Rotating Habitat Hours — Normal,Wild,Habitat,Saturday,Rotating Habitat Hours,Tinkatink
wild_area_wild_area_pokemon_go_wild_area_2026_global,Wild Area Wild Area Pokémon GO Wild Area 2026: Global,Tinkatink,True,Shiny/Tinkatink_shiny.png,Habitat — Saturday — Rotating Habitat Hours — Shiny,Wild,Habitat,Saturday,Rotating Habitat Hours,Tinkatink
wild_area_wild_area_pokemon_go_wild_area_2026_global,Wild Area Wild Area Pokémon GO Wild Area 2026: Global,Tinkatink,False,Normal/Tinkatink.png,Habitat — Saturday — Rotating Habitat Hours — Normal,Wild,Habitat,Saturday,Rotating Habitat Hours,Tinkatink
wild_area_wild_area_pokemon_go_wild_area_2026_global,Wild Area Wild Area Pokémon GO Wild Area 2026: Global,Charmander,False,Normal/Charmander.png,Habitat — Saturday — Rotating Habitat Hours — Normal,Wild,Habitat,Saturday,Rotating Habitat Hours,Charmander
wild_area_wild_area_pokemon_go_wild_area_2026_global,Wild Area Wild Area Pokémon GO Wild Area 2026: Global,Charmander,True,Shiny/Charmander_shiny.png,Habitat — Saturday — Rotating Habitat Hours — Shiny,Wild,Habitat,Saturday,Rotating Habitat Hours,Charmander
wild_area_wild_area_pokemon_go_wild_area_2026_global,Wild Area Wild Area Pokémon GO Wild Area 2026: Global,Charmander,False,Normal/Charmander.png,Habitat — Saturday — Rotating Habitat Hours — Normal,Wild,Habitat,Saturday,Rotating Habitat Hours,Charmander
wild_area_wild_area_pokemon_go_wild_area_2026_global,Wild Area Wild Area Pokémon GO Wild Area 2026: Global,Magikarp,False,Normal/Magikarp.png,Habitat — Saturday — Rotating Habitat Hours — Normal,Wild,Habitat,Saturday,Rotating Habitat Hours,Magikarp
wild_area_wild_area_pokemon_go_wild_area_2026_global,Wild Area Wild Area Pokémon GO Wild Area 2026: Global,Magikarp,True,Shiny/Magikarp_shiny.png,Habitat — Saturday — Rotating Habitat Hours — Shiny,Wild,Habitat,Saturday,Rotating Habitat Hours,Magikarp
wild_area_wild_area_pokemon_go_wild_area_2026_global,Wild Area Wild Area Pokémon GO Wild Area 2026: Global,Magikarp,False,Normal/Magikarp.png,Habitat — Saturday — Rotating Habitat Hours — Normal,Wild,Habitat,Saturday,Rotating Habitat Hours,Magikarp
wild_area_wild_area_pokemon_go_wild_area_2026_global,Wild Area Wild Area Pokémon GO Wild Area 2026: Global,Dratini,False,Normal/Dratini.png,Habitat — Saturday — Rotating Habitat Hours — Normal,Wild,Habitat,Saturday,Rotating Habitat Hours,Dratini
wild_area_wild_area_pokemon_go_wild_area_2026_global,Wild Area Wild Area Pokémon GO Wild Area 2026: Global,Dratini,True,Shiny/Dratini_shiny.png,Habitat — Saturday — Rotating Habitat Hours — Shiny,Wild,Habitat,Saturday,Rotating Habitat Hours,Dratini
wild_area_wild_area_pokemon_go_wild_area_2026_global,Wild Area Wild Area Pokémon GO Wild Area 2026: Global,Dratini,False,Normal/Dratini.png,Habitat — Saturday — Rotating Habitat Hours — Normal,Wild,Habitat,Saturday,Rotating Habitat Hours,Dratini
wild_area_wild_area_pokemon_go_wild_area_2026_global,Wild Area Wild Area Pokémon GO Wild Area 2026: Global,Gligar,False,Normal/Gligar.png,Habitat — Saturday — Rotating Habitat Hours — Normal,Wild,Habitat,Saturday,Rotating Habitat Hours,Gligar
wild_area_wild_area_pokemon_go_wild_area_2026_global,Wild Area Wild Area Pokémon GO Wild Area 2026: Global,Gligar,True,Shiny/Gligar_shiny.png,Habitat — Saturday — Rotating Habitat Hours — Shiny,Wild,Habitat,Saturday,Rotating Habitat Hours,Gligar
wild_area_wild_area_pokemon_go_wild_area_2026_global,Wild Area Wild Area Pokémon GO Wild Area 2026: Global,Gligar,False,Normal/Gligar.png,Habitat — Saturday — Rotating Habitat Hours — Normal,Wild,Habitat,Saturday,Rotating Habitat Hours,Gligar
wild_area_wild_area_pokemon_go_wild_area_2026_global,Wild Area Wild Area Pokémon GO Wild Area 2026: Global,Trapinch,False,Normal/Trapinch.png,Habitat — Saturday — Rotating Habitat Hours — Normal,Wild,Habitat,Saturday,Rotating Habitat Hours,Trapinch
wild_area_wild_area_pokemon_go_wild_area_2026_global,Wild Area Wild Area Pokémon GO Wild Area 2026: Global,Trapinch,True,Shiny/Trapinch_shiny.png,Habitat — Saturday — Rotating Habitat Hours — Shiny,Wild,Habitat,Saturday,Rotating Habitat Hours,Trapinch
wild_area_wild_area_pokemon_go_wild_area_2026_global,Wild Area Wild Area Pokémon GO Wild Area 2026: Global,Trapinch,False,Normal/Trapinch.png,Habitat — Saturday — Rotating Habitat Hours — Normal,Wild,Habitat,Saturday,Rotating Habitat Hours,Trapinch
wild_area_wild_area_pokemon_go_wild_area_2026_global,Wild Area Wild Area Pokémon GO Wild Area 2026: Global,Swablu,False,Normal/Swablu.png,Habitat — Saturday — Rotating Habitat Hours — Normal,Wild,Habitat,Saturday,Rotating Habitat Hours,Swablu
wild_area_wild_area_pokemon_go_wild_area_2026_global,Wild Area Wild Area Pokémon GO Wild Area 2026: Global,Swablu,True,Shiny/Swablu_shiny.png,Habitat — Saturday — Rotating Habitat Hours — Shiny,Wild,Habitat,Saturday,Rotating Habitat Hours,Swablu
wild_area_wild_area_pokemon_go_wild_area_2026_global,Wild Area Wild Area Pokémon GO Wild Area 2026: Global,Swablu,False,Normal/Swablu.png,Habitat — Saturday — Rotating Habitat Hours — Normal,Wild,Habitat,Saturday,Rotating Habitat Hours,Swablu
wild_area_wild_area_pokemon_go_wild_area_2026_global,Wild Area Wild Area Pokémon GO Wild Area 2026: Global,Barboach,False,Normal/Barboach.png,Habitat — Saturday — Rotating Habitat Hours — Normal,Wild,Habitat,Saturday,Rotating Habitat Hours,Barboach
wild_area_wild_area_pokemon_go_wild_area_2026_global,Wild Area Wild Area Pokémon GO Wild Area 2026: Global,Barboach,True,Shiny/Barboach_shiny.png,Habitat — Saturday — Rotating Habitat Hours — Shiny,Wild,Habitat,Saturday,Rotating Habitat Hours,Barboach
wild_area_wild_area_pokemon_go_wild_area_2026_global,Wild Area Wild Area Pokémon GO Wild Area 2026: Global,Barboach,False,Normal/Barboach.png,Habitat — Saturday — Rotating Habitat Hours — Normal,Wild,Habitat,Saturday,Rotating Habitat Hours,Barboach
wild_area_wild_area_pokemon_go_wild_area_2026_global,Wild Area Wild Area Pokémon GO Wild Area 2026: Global,Bagon,False,Normal/Bagon.png,Habitat — Saturday — Rotating Habitat Hours — Normal,Wild,Habitat,Saturday,Rotating Habitat Hours,Bagon
wild_area_wild_area_pokemon_go_wild_area_2026_global,Wild Area Wild Area Pokémon GO Wild Area 2026: Global,Bagon,True,Shiny/Bagon_shiny.png,Habitat — Saturday — Rotating Habitat Hours — Shiny,Wild,Habitat,Saturday,Rotating Habitat Hours,Bagon
wild_area_wild_area_pokemon_go_wild_area_2026_global,Wild Area Wild Area Pokémon GO Wild Area 2026: Global,Bagon,False,Normal/Bagon.png,Habitat — Saturday — Rotating Habitat Hours — Normal,Wild,Habitat,Saturday,Rotating Habitat Hours,Bagon
wild_area_wild_area_pokemon_go_wild_area_2026_global,Wild Area Wild Area Pokémon GO Wild Area 2026: Global,Gible,False,Normal/Gible.png,Habitat — Saturday — Rotating Habitat Hours — Normal,Wild,Habitat,Saturday,Rotating Habitat Hours,Gible
wild_area_wild_area_pokemon_go_wild_area_2026_global,Wild Area Wild Area Pokémon GO Wild Area 2026: Global,Gible,True,Shiny/Gible_shiny.png,Habitat — Saturday — Rotating Habitat Hours — Shiny,Wild,Habitat,Saturday,Rotating Habitat Hours,Gible
wild_area_wild_area_pokemon_go_wild_area_2026_global,Wild Area Wild Area Pokémon GO Wild Area 2026: Global,Gible,False,Normal/Gible.png,Habitat — Saturday — Rotating Habitat Hours — Normal,Wild,Habitat,Saturday,Rotating Habitat Hours,Gible
wild_area_wild_area_pokemon_go_wild_area_2026_global,Wild Area Wild Area Pokémon GO Wild Area 2026: Global,Tynamo,False,Normal/Tynamo.png,Habitat — Saturday — Rotating Habitat Hours — Normal,Wild,Habitat,Saturday,Rotating Habitat Hours,Tynamo
wild_area_wild_area_pokemon_go_wild_area_2026_global,Wild Area Wild Area Pokémon GO Wild Area 2026: Global,Tynamo,True,Shiny/Tynamo_shiny.png,Habitat — Saturday — Rotating Habitat Hours — Shiny,Wild,Habitat,Saturday,Rotating Habitat Hours,Tynamo
wild_area_wild_area_pokemon_go_wild_area_2026_global,Wild Area Wild Area Pokémon GO Wild Area 2026: Global,Tynamo,False,Normal/Tynamo.png,Habitat — Saturday — Rotating Habitat Hours — Normal,Wild,Habitat,Saturday,Rotating Habitat Hours,Tynamo
wild_area_wild_area_pokemon_go_wild_area_2026_global,Wild Area Wild Area Pokémon GO Wild Area 2026: Global,Axew,False,Normal/Axew.png,Habitat — Saturday — Rotating Habitat Hours — Normal,Wild,Habitat,Saturday,Rotating Habitat Hours,Axew
wild_area_wild_area_pokemon_go_wild_area_2026_global,Wild Area Wild Area Pokémon GO Wild Area 2026: Global,Axew,True,Shiny/Axew_shiny.png,Habitat — Saturday — Rotating Habitat Hours — Shiny,Wild,Habitat,Saturday,Rotating Habitat Hours,Axew
wild_area_wild_area_pokemon_go_wild_area_2026_global,Wild Area Wild Area Pokémon GO Wild Area 2026: Global,Axew,False,Normal/Axew.png,Habitat — Saturday — Rotating Habitat Hours — Normal,Wild,Habitat,Saturday,Rotating Habitat Hours,Axew
wild_area_wild_area_pokemon_go_wild_area_2026_global,Wild Area Wild Area Pokémon GO Wild Area 2026: Global,Heatmor,False,Normal/Heatmor.png,Habitat — Saturday — Rotating Habitat Hours — Normal,Wild,Habitat,Saturday,Rotating Habitat Hours,Heatmor
wild_area_wild_area_pokemon_go_wild_area_2026_global,Wild Area Wild Area Pokémon GO Wild Area 2026: Global,Heatmor,True,Shiny/Heatmor_shiny.png,Habitat — Saturday — Rotating Habitat Hours — Shiny,Wild,Habitat,Saturday,Rotating Habitat Hours,Heatmor
wild_area_wild_area_pokemon_go_wild_area_2026_global,Wild Area Wild Area Pokémon GO Wild Area 2026: Global,Heatmor,False,Normal/Heatmor.png,Habitat — Saturday — Rotating Habitat Hours — Normal,Wild,Habitat,Saturday,Rotating Habitat Hours,Heatmor
wild_area_wild_area_pokemon_go_wild_area_2026_global,Wild Area Wild Area Pokémon GO Wild Area 2026: Global,Deino,False,Normal/Deino.png,Habitat — Saturday — Rotating Habitat Hours — Normal,Wild,Habitat,Saturday,Rotating Habitat Hours,Deino
wild_area_wild_area_pokemon_go_wild_area_2026_global,Wild Area Wild Area Pokémon GO Wild Area 2026: Global,Deino,True,Shiny/Deino_shiny.png,Habitat — Saturday — Rotating Habitat Hours — Shiny,Wild,Habitat,Saturday,Rotating Habitat Hours,Deino
wild_area_wild_area_pokemon_go_wild_area_2026_global,Wild Area Wild Area Pokémon GO Wild Area 2026: Global,Deino,False,Normal/Deino.png,Habitat — Saturday — Rotating Habitat Hours — Normal,Wild,Habitat,Saturday,Rotating Habitat Hours,Deino
wild_area_wild_area_pokemon_go_wild_area_2026_global,Wild Area Wild Area Pokémon GO Wild Area 2026: Global,Skrelp,False,Normal/Skrelp.png,Habitat — Saturday — Rotating Habitat Hours — Normal,Wild,Habitat,Saturday,Rotating Habitat Hours,Skrelp
wild_area_wild_area_pokemon_go_wild_area_2026_global,Wild Area Wild Area Pokémon GO Wild Area 2026: Global,Skrelp,True,Shiny/Skrelp_shiny.png,Habitat — Saturday — Rotating Habitat Hours — Shiny,Wild,Habitat,Saturday,Rotating Habitat Hours,Skrelp
wild_area_wild_area_pokemon_go_wild_area_2026_global,Wild Area Wild Area Pokémon GO Wild Area 2026: Global,Skrelp,False,Normal/Skrelp.png,Habitat — Saturday — Rotating Habitat Hours — Normal,Wild,Habitat,Saturday,Rotating Habitat Hours,Skrelp
wild_area_wild_area_pokemon_go_wild_area_2026_global,Wild Area Wild Area Pokémon GO Wild Area 2026: Global,Tyrunt,False,Normal/Tyrunt.png,Habitat — Saturday — Rotating Habitat Hours — Normal,Wild,Habitat,Saturday,Rotating Habitat Hours,Tyrunt
wild_area_wild_area_pokemon_go_wild_area_2026_global,Wild Area Wild Area Pokémon GO Wild Area 2026: Global,Tyrunt,True,Shiny/Tyrunt_shiny.png,Habitat — Saturday — Rotating Habitat Hours — Shiny,Wild,Habitat,Saturday,Rotating Habitat Hours,Tyrunt
wild_area_wild_area_pokemon_go_wild_area_2026_global,Wild Area Wild Area Pokémon GO Wild Area 2026: Global,Tyrunt,False,Normal/Tyrunt.png,Habitat — Saturday — Rotating Habitat Hours — Normal,Wild,Habitat,Saturday,Rotating Habitat Hours,Tyrunt
wild_area_wild_area_pokemon_go_wild_area_2026_global,Wild Area Wild Area Pokémon GO Wild Area 2026: Global,Amaura,False,Normal/Amaura.png,Habitat — Saturday — Rotating Habitat Hours — Normal,Wild,Habitat,Saturday,Rotating Habitat Hours,Amaura
wild_area_wild_area_pokemon_go_wild_area_2026_global,Wild Area Wild Area Pokémon GO Wild Area 2026: Global,Amaura,True,Shiny/Amaura_shiny.png,Habitat — Saturday — Rotating Habitat Hours — Shiny,Wild,Habitat,Saturday,Rotating Habitat Hours,Amaura
wild_area_wild_area_pokemon_go_wild_area_2026_global,Wild Area Wild Area Pokémon GO Wild Area 2026: Global,Amaura,False,Normal/Amaura.png,Habitat — Saturday — Rotating Habitat Hours — Normal,Wild,Habitat,Saturday,Rotating Habitat Hours,Amaura
wild_area_wild_area_pokemon_go_wild_area_2026_global,Wild Area Wild Area Pokémon GO Wild Area 2026: Global,Goomy,False,Normal/Goomy.png,Habitat — Saturday — Rotating Habitat Hours — Normal,Wild,Habitat,Saturday,Rotating Habitat Hours,Goomy
wild_area_wild_area_pokemon_go_wild_area_2026_global,Wild Area Wild Area Pokémon GO Wild Area 2026: Global,Goomy,True,Shiny/Goomy_shiny.png,Habitat — Saturday — Rotating Habitat Hours — Shiny,Wild,Habitat,Saturday,Rotating Habitat Hours,Goomy
wild_area_wild_area_pokemon_go_wild_area_2026_global,Wild Area Wild Area Pokémon GO Wild Area 2026: Global,Goomy,False,Normal/Goomy.png,Habitat — Saturday — Rotating Habitat Hours — Normal,Wild,Habitat,Saturday,Rotating Habitat Hours,Goomy
wild_area_wild_area_pokemon_go_wild_area_2026_global,Wild Area Wild Area Pokémon GO Wild Area 2026: Global,Noibat,False,Normal/Noibat.png,Habitat — Saturday — Rotating Habitat Hours — Normal,Wild,Habitat,Saturday,Rotating Habitat Hours,Noibat
wild_area_wild_area_pokemon_go_wild_area_2026_global,Wild Area Wild Area Pokémon GO Wild Area 2026: Global,Noibat,True,Shiny/Noibat_shiny.png,Habitat — Saturday — Rotating Habitat Hours — Shiny,Wild,Habitat,Saturday,Rotating Habitat Hours,Noibat
wild_area_wild_area_pokemon_go_wild_area_2026_global,Wild Area Wild Area Pokémon GO Wild Area 2026: Global,Noibat,False,Normal/Noibat.png,Habitat — Saturday — Rotating Habitat Hours — Normal,Wild,Habitat,Saturday,Rotating Habitat Hours,Noibat
wild_area_wild_area_pokemon_go_wild_area_2026_global,Wild Area Wild Area Pokémon GO Wild Area 2026: Global,Turtonator,False,Normal/Turtonator.png,Habitat — Saturday — Rotating Habitat Hours — Normal,Wild,Habitat,Saturday,Rotating Habitat Hours,Turtonator
wild_area_wild_area_pokemon_go_wild_area_2026_global,Wild Area Wild Area Pokémon GO Wild Area 2026: Global,Turtonator,True,Shiny/Turtonator_shiny.png,Habitat — Saturday — Rotating Habitat Hours — Shiny,Wild,Habitat,Saturday,Rotating Habitat Hours,Turtonator
wild_area_wild_area_pokemon_go_wild_area_2026_global,Wild Area Wild Area Pokémon GO Wild Area 2026: Global,Turtonator,False,Normal/Turtonator.png,Habitat — Saturday — Rotating Habitat Hours — Normal,Wild,Habitat,Saturday,Rotating Habitat Hours,Turtonator
wild_area_wild_area_pokemon_go_wild_area_2026_global,Wild Area Wild Area Pokémon GO Wild Area 2026: Global,Jangmo-o,False,Normal/Jangmo-o.png,Habitat — Saturday — Rotating Habitat Hours — Normal,Wild,Habitat,Saturday,Rotating Habitat Hours,Jangmo-o
wild_area_wild_area_pokemon_go_wild_area_2026_global,Wild Area Wild Area Pokémon GO Wild Area 2026: Global,Jangmo-o,True,Shiny/Jangmo-o_shiny.png,Habitat — Saturday — Rotating Habitat Hours — Shiny,Wild,Habitat,Saturday,Rotating Habitat Hours,Jangmo-o
wild_area_wild_area_pokemon_go_wild_area_2026_global,Wild Area Wild Area Pokémon GO Wild Area 2026: Global,Jangmo-o,False,Normal/Jangmo-o.png,Habitat — Saturday — Rotating Habitat Hours — Normal,Wild,Habitat,Saturday,Rotating Habitat Hours,Jangmo-o
wild_area_wild_area_pokemon_go_wild_area_2026_global,Wild Area Wild Area Pokémon GO Wild Area 2026: Global,Sizzlipede,False,Normal/Sizzlipede.png,Habitat — Saturday — Rotating Habitat Hours — Normal,Wild,Habitat,Saturday,Rotating Habitat Hours,Sizzlipede
wild_area_wild_area_pokemon_go_wild_area_2026_global,Wild Area Wild Area Pokémon GO Wild Area 2026: Global,Sizzlipede,True,Shiny/Sizzlipede_shiny.png,Habitat — Saturday — Rotating Habitat Hours — Shiny,Wild,Habitat,Saturday,Rotating Habitat Hours,Sizzlipede
wild_area_wild_area_pokemon_go_wild_area_2026_global,Wild Area Wild Area Pokémon GO Wild Area 2026: Global,Sizzlipede,False,Normal/Sizzlipede.png,Habitat — Saturday — Rotating Habitat Hours — Normal,Wild,Habitat,Saturday,Rotating Habitat Hours,Sizzlipede
wild_area_wild_area_pokemon_go_wild_area_2026_global,Wild Area Wild Area Pokémon GO Wild Area 2026: Global,Frigibax,False,Normal/Frigibax.png,Habitat — Saturday — Rotating Habitat Hours — Normal,Wild,Habitat,Saturday,Rotating Habitat Hours,Frigibax
wild_area_wild_area_pokemon_go_wild_area_2026_global,Wild Area Wild Area Pokémon GO Wild Area 2026: Global,Frigibax,True,Shiny/Frigibax_shiny.png,Habitat — Saturday — Rotating Habitat Hours — Shiny,Wild,Habitat,Saturday,Rotating Habitat Hours,Frigibax
wild_area_wild_area_pokemon_go_wild_area_2026_global,Wild Area Wild Area Pokémon GO Wild Area 2026: Global,Frigibax,False,Normal/Frigibax.png,Habitat — Saturday — Rotating Habitat Hours — Normal,Wild,Habitat,Saturday,Rotating Habitat Hours,Frigibax
wild_area_wild_area_pokemon_go_wild_area_2026_global,Wild Area Wild Area Pokémon GO Wild Area 2026: Global,Exeggutor,False,Alolan/Exeggutor_alolan.png,Habitat — Saturday — Rotating Habitat Hours — Alolan — Normal,Wild,Habitat,Saturday,Rotating Habitat Hours,Alolan Exeggutor
wild_area_wild_area_pokemon_go_wild_area_2026_global,Wild Area Wild Area Pokémon GO Wild Area 2026: Global,Exeggutor,True,Alolan/Shiny/Exeggutor_alolan_shiny.png,Habitat — Saturday — Rotating Habitat Hours — Alolan — Shiny,Wild,Habitat,Saturday,Rotating Habitat Hours,Alolan Exeggutor
wild_area_wild_area_pokemon_go_wild_area_2026_global,Wild Area Wild Area Pokémon GO Wild Area 2026: Global,Exeggutor,False,Alolan/Exeggutor_alolan.png,Habitat — Saturday — Rotating Habitat Hours — Alolan — Normal,Wild,Habitat,Saturday,Rotating Habitat Hours,Alolan Exeggutor
wild_area_wild_area_pokemon_go_wild_area_2026_global,Wild Area Wild Area Pokémon GO Wild Area 2026: Global,Scizor,False,Normal/Scizor.png,Habitat — Saturday — Rotating Habitat Hours — Normal,Wild,Habitat,Saturday,Rotating Habitat Hours,Scizor
wild_area_wild_area_pokemon_go_wild_area_2026_global,Wild Area Wild Area Pokémon GO Wild Area 2026: Global,Scizor,True,Shiny/Scizor_shiny.png,Habitat — Saturday — Rotating Habitat Hours — Shiny,Wild,Habitat,Saturday,Rotating Habitat Hours,Scizor
wild_area_wild_area_pokemon_go_wild_area_2026_global,Wild Area Wild Area Pokémon GO Wild Area 2026: Global,Scizor,False,Normal/Scizor.png,Habitat — Saturday — Rotating Habitat Hours — Normal,Wild,Habitat,Saturday,Rotating Habitat Hours,Scizor
wild_area_wild_area_pokemon_go_wild_area_2026_global,Wild Area Wild Area Pokémon GO Wild Area 2026: Global,Flygon,False,Normal/Flygon.png,Habitat — Saturday — Rotating Habitat Hours — Normal,Wild,Habitat,Saturday,Rotating Habitat Hours,Flygon
wild_area_wild_area_pokemon_go_wild_area_2026_global,Wild Area Wild Area Pokémon GO Wild Area 2026: Global,Flygon,True,Shiny/Flygon_shiny.png,Habitat — Saturday — Rotating Habitat Hours — Shiny,Wild,Habitat,Saturday,Rotating Habitat Hours,Flygon
wild_area_wild_area_pokemon_go_wild_area_2026_global,Wild Area Wild Area Pokémon GO Wild Area 2026: Global,Flygon,False,Normal/Flygon.png,Habitat — Saturday — Rotating Habitat Hours — Normal,Wild,Habitat,Saturday,Rotating Habitat Hours,Flygon
wild_area_wild_area_pokemon_go_wild_area_2026_global,Wild Area Wild Area Pokémon GO Wild Area 2026: Global,Walrein,False,Normal/Walrein.png,Habitat — Saturday — Rotating Habitat Hours — Normal,Wild,Habitat,Saturday,Rotating Habitat Hours,Walrein
wild_area_wild_area_pokemon_go_wild_area_2026_global,Wild Area Wild Area Pokémon GO Wild Area 2026: Global,Walrein,True,Shiny/Walrein_shiny.png,Habitat — Saturday — Rotating Habitat Hours — Shiny,Wild,Habitat,Saturday,Rotating Habitat Hours,Walrein
wild_area_wild_area_pokemon_go_wild_area_2026_global,Wild Area Wild Area Pokémon GO Wild Area 2026: Global,Walrein,False,Normal/Walrein.png,Habitat — Saturday — Rotating Habitat Hours — Normal,Wild,Habitat,Saturday,Rotating Habitat Hours,Walrein
wild_area_wild_area_pokemon_go_wild_area_2026_global,Wild Area Wild Area Pokémon GO Wild Area 2026: Global,Metagross,False,Normal/Metagross.png,Habitat — Saturday — Rotating Habitat Hours — Normal,Wild,Habitat,Saturday,Rotating Habitat Hours,Metagross
wild_area_wild_area_pokemon_go_wild_area_2026_global,Wild Area Wild Area Pokémon GO Wild Area 2026: Global,Metagross,True,Shiny/Metagross_shiny.png,Habitat — Saturday — Rotating Habitat Hours — Shiny,Wild,Habitat,Saturday,Rotating Habitat Hours,Metagross
wild_area_wild_area_pokemon_go_wild_area_2026_global,Wild Area Wild Area Pokémon GO Wild Area 2026: Global,Metagross,False,Normal/Metagross.png,Habitat — Saturday — Rotating Habitat Hours — Normal,Wild,Habitat,Saturday,Rotating Habitat Hours,Metagross
wild_area_wild_area_pokemon_go_wild_area_2026_global,Wild Area Wild Area Pokémon GO Wild Area 2026: Global,Empoleon,False,Normal/Empoleon.png,Habitat — Saturday — Rotating Habitat Hours — Normal,Wild,Habitat,Saturday,Rotating Habitat Hours,Empoleon
wild_area_wild_area_pokemon_go_wild_area_2026_global,Wild Area Wild Area Pokémon GO Wild Area 2026: Global,Empoleon,True,Shiny/Empoleon_shiny.png,Habitat — Saturday — Rotating Habitat Hours — Shiny,Wild,Habitat,Saturday,Rotating Habitat Hours,Empoleon
wild_area_wild_area_pokemon_go_wild_area_2026_global,Wild Area Wild Area Pokémon GO Wild Area 2026: Global,Empoleon,False,Normal/Empoleon.png,Habitat — Saturday — Rotating Habitat Hours — Normal,Wild,Habitat,Saturday,Rotating Habitat Hours,Empoleon
wild_area_wild_area_pokemon_go_wild_area_2026_global,Wild Area Wild Area Pokémon GO Wild Area 2026: Global,Magnezone,False,Normal/Magnezone.png,Habitat — Saturday — Rotating Habitat Hours — Normal,Wild,Habitat,Saturday,Rotating Habitat Hours,Magnezone
wild_area_wild_area_pokemon_go_wild_area_2026_global,Wild Area Wild Area Pokémon GO Wild Area 2026: Global,Magnezone,True,Shiny/Magnezone_shiny.png,Habitat — Saturday — Rotating Habitat Hours — Shiny,Wild,Habitat,Saturday,Rotating Habitat Hours,Magnezone
wild_area_wild_area_pokemon_go_wild_area_2026_global,Wild Area Wild Area Pokémon GO Wild Area 2026: Global,Magnezone,False,Normal/Magnezone.png,Habitat — Saturday — Rotating Habitat Hours — Normal,Wild,Habitat,Saturday,Rotating Habitat Hours,Magnezone
wild_area_wild_area_pokemon_go_wild_area_2026_global,Wild Area Wild Area Pokémon GO Wild Area 2026: Global,Conkeldurr,False,Normal/Conkeldurr.png,Habitat — Saturday — Rotating Habitat Hours — Normal,Wild,Habitat,Saturday,Rotating Habitat Hours,Conkeldurr
wild_area_wild_area_pokemon_go_wild_area_2026_global,Wild Area Wild Area Pokémon GO Wild Area 2026: Global,Conkeldurr,True,Shiny/Conkeldurr_shiny.png,Habitat — Saturday — Rotating Habitat Hours — Shiny,Wild,Habitat,Saturday,Rotating Habitat Hours,Conkeldurr
wild_area_wild_area_pokemon_go_wild_area_2026_global,Wild Area Wild Area Pokémon GO Wild Area 2026: Global,Conkeldurr,False,Normal/Conkeldurr.png,Habitat — Saturday — Rotating Habitat Hours — Normal,Wild,Habitat,Saturday,Rotating Habitat Hours,Conkeldurr
wild_area_wild_area_pokemon_go_wild_area_2026_global,Wild Area Wild Area Pokémon GO Wild Area 2026: Global,Haxorus,False,Normal/Haxorus.png,Habitat — Saturday — Rotating Habitat Hours — Normal,Wild,Habitat,Saturday,Rotating Habitat Hours,Haxorus
wild_area_wild_area_pokemon_go_wild_area_2026_global,Wild Area Wild Area Pokémon GO Wild Area 2026: Global,Haxorus,True,Shiny/Haxorus_shiny.png,Habitat — Saturday — Rotating Habitat Hours — Shiny,Wild,Habitat,Saturday,Rotating Habitat Hours,Haxorus
wild_area_wild_area_pokemon_go_wild_area_2026_global,Wild Area Wild Area Pokémon GO Wild Area 2026: Global,Haxorus,False,Normal/Haxorus.png,Habitat — Saturday — Rotating Habitat Hours — Normal,Wild,Habitat,Saturday,Rotating Habitat Hours,Haxorus
wild_area_wild_area_pokemon_go_wild_area_2026_global,Wild Area Wild Area Pokémon GO Wild Area 2026: Global,Azumarill,False,Normal/Azumarill.png,Habitat — Sunday — Rotating Habitat Hours — Normal,Wild,Habitat,Sunday,Rotating Habitat Hours,Azumarill
wild_area_wild_area_pokemon_go_wild_area_2026_global,Wild Area Wild Area Pokémon GO Wild Area 2026: Global,Azumarill,True,Shiny/Azumarill_shiny.png,Habitat — Sunday — Rotating Habitat Hours — Shiny,Wild,Habitat,Sunday,Rotating Habitat Hours,Azumarill
wild_area_wild_area_pokemon_go_wild_area_2026_global,Wild Area Wild Area Pokémon GO Wild Area 2026: Global,Azumarill,False,Normal/Azumarill.png,Habitat — Sunday — Rotating Habitat Hours — Normal,Wild,Habitat,Sunday,Rotating Habitat Hours,Azumarill
wild_area_wild_area_pokemon_go_wild_area_2026_global,Wild Area Wild Area Pokémon GO Wild Area 2026: Global,Kingdra,False,Normal/Kingdra.png,Habitat — Sunday — Rotating Habitat Hours — Normal,Wild,Habitat,Sunday,Rotating Habitat Hours,Kingdra
wild_area_wild_area_pokemon_go_wild_area_2026_global,Wild Area Wild Area Pokémon GO Wild Area 2026: Global,Kingdra,True,Shiny/Kingdra_shiny.png,Habitat — Sunday — Rotating Habitat Hours — Shiny,Wild,Habitat,Sunday,Rotating Habitat Hours,Kingdra
wild_area_wild_area_pokemon_go_wild_area_2026_global,Wild Area Wild Area Pokémon GO Wild Area 2026: Global,Kingdra,False,Normal/Kingdra.png,Habitat — Sunday — Rotating Habitat Hours — Normal,Wild,Habitat,Sunday,Rotating Habitat Hours,Kingdra
wild_area_wild_area_pokemon_go_wild_area_2026_global,Wild Area Wild Area Pokémon GO Wild Area 2026: Global,Aggron,False,Normal/Aggron.png,Habitat — Sunday — Rotating Habitat Hours — Normal,Wild,Habitat,Sunday,Rotating Habitat Hours,Aggron
wild_area_wild_area_pokemon_go_wild_area_2026_global,Wild Area Wild Area Pokémon GO Wild Area 2026: Global,Aggron,True,Shiny/Aggron_shiny.png,Habitat — Sunday — Rotating Habitat Hours — Shiny,Wild,Habitat,Sunday,Rotating Habitat Hours,Aggron
wild_area_wild_area_pokemon_go_wild_area_2026_global,Wild Area Wild Area Pokémon GO Wild Area 2026: Global,Aggron,False,Normal/Aggron.png,Habitat — Sunday — Rotating Habitat Hours — Normal,Wild,Habitat,Sunday,Rotating Habitat Hours,Aggron
wild_area_wild_area_pokemon_go_wild_area_2026_global,Wild Area Wild Area Pokémon GO Wild Area 2026: Global,Ferrothorn,False,Normal/Ferrothorn.png,Habitat — Sunday — Rotating Habitat Hours — Normal,Wild,Habitat,Sunday,Rotating Habitat Hours,Ferrothorn
wild_area_wild_area_pokemon_go_wild_area_2026_global,Wild Area Wild Area Pokémon GO Wild Area 2026: Global,Ferrothorn,True,Shiny/Ferrothorn_shiny.png,Habitat — Sunday — Rotating Habitat Hours — Shiny,Wild,Habitat,Sunday,Rotating Habitat Hours,Ferrothorn
wild_area_wild_area_pokemon_go_wild_area_2026_global,Wild Area Wild Area Pokémon GO Wild Area 2026: Global,Ferrothorn,False,Normal/Ferrothorn.png,Habitat — Sunday — Rotating Habitat Hours — Normal,Wild,Habitat,Sunday,Rotating Habitat Hours,Ferrothorn
wild_area_wild_area_pokemon_go_wild_area_2026_global,Wild Area Wild Area Pokémon GO Wild Area 2026: Global,Hydreigon,False,Normal/Hydreigon.png,Habitat — Sunday — Rotating Habitat Hours — Normal,Wild,Habitat,Sunday,Rotating Habitat Hours,Hydreigon
wild_area_wild_area_pokemon_go_wild_area_2026_global,Wild Area Wild Area Pokémon GO Wild Area 2026: Global,Hydreigon,True,Shiny/Hydreigon_shiny.png,Habitat — Sunday — Rotating Habitat Hours — Shiny,Wild,Habitat,Sunday,Rotating Habitat Hours,Hydreigon
wild_area_wild_area_pokemon_go_wild_area_2026_global,Wild Area Wild Area Pokémon GO Wild Area 2026: Global,Hydreigon,False,Normal/Hydreigon.png,Habitat — Sunday — Rotating Habitat Hours — Normal,Wild,Habitat,Sunday,Rotating Habitat Hours,Hydreigon
wild_area_wild_area_pokemon_go_wild_area_2026_global,Wild Area Wild Area Pokémon GO Wild Area 2026: Global,Goodra,False,Normal/Goodra.png,Habitat — Sunday — Rotating Habitat Hours — Normal,Wild,Habitat,Sunday,Rotating Habitat Hours,Goodra
wild_area_wild_area_pokemon_go_wild_area_2026_global,Wild Area Wild Area Pokémon GO Wild Area 2026: Global,Goodra,True,Shiny/Goodra_shiny.png,Habitat — Sunday — Rotating Habitat Hours — Shiny,Wild,Habitat,Sunday,Rotating Habitat Hours,Goodra
wild_area_wild_area_pokemon_go_wild_area_2026_global,Wild Area Wild Area Pokémon GO Wild Area 2026: Global,Goodra,False,Normal/Goodra.png,Habitat — Sunday — Rotating Habitat Hours — Normal,Wild,Habitat,Sunday,Rotating Habitat Hours,Goodra
wild_area_wild_area_pokemon_go_wild_area_2026_global,Wild Area Wild Area Pokémon GO Wild Area 2026: Global,Noivern,False,Normal/Noivern.png,Habitat — Sunday — Rotating Habitat Hours — Normal,Wild,Habitat,Sunday,Rotating Habitat Hours,Noivern
wild_area_wild_area_pokemon_go_wild_area_2026_global,Wild Area Wild Area Pokémon GO Wild Area 2026: Global,Noivern,True,Shiny/Noivern_shiny.png,Habitat — Sunday — Rotating Habitat Hours — Shiny,Wild,Habitat,Sunday,Rotating Habitat Hours,Noivern
wild_area_wild_area_pokemon_go_wild_area_2026_global,Wild Area Wild Area Pokémon GO Wild Area 2026: Global,Noivern,False,Normal/Noivern.png,Habitat — Sunday — Rotating Habitat Hours — Normal,Wild,Habitat,Sunday,Rotating Habitat Hours,Noivern
wild_area_wild_area_pokemon_go_wild_area_2026_global,Wild Area Wild Area Pokémon GO Wild Area 2026: Global,Tinkaton,False,Normal/Tinkaton.png,Habitat — Sunday — Rotating Habitat Hours — Normal,Wild,Habitat,Sunday,Rotating Habitat Hours,Tinkaton
wild_area_wild_area_pokemon_go_wild_area_2026_global,Wild Area Wild Area Pokémon GO Wild Area 2026: Global,Tinkaton,True,Shiny/Tinkaton_shiny.png,Habitat — Sunday — Rotating Habitat Hours — Shiny,Wild,Habitat,Sunday,Rotating Habitat Hours,Tinkaton
wild_area_wild_area_pokemon_go_wild_area_2026_global,Wild Area Wild Area Pokémon GO Wild Area 2026: Global,Tinkaton,False,Normal/Tinkaton.png,Habitat — Sunday — Rotating Habitat Hours — Normal,Wild,Habitat,Sunday,Rotating Habitat Hours,Tinkaton
wild_area_wild_area_pokemon_go_wild_area_2026_global,Wild Area Wild Area Pokémon GO Wild Area 2026: Global,Clodsire,False,Normal/Clodsire.png,Habitat — Sunday — Rotating Habitat Hours — Normal,Wild,Habitat,Sunday,Rotating Habitat Hours,Clodsire
wild_area_wild_area_pokemon_go_wild_area_2026_global,Wild Area Wild Area Pokémon GO Wild Area 2026: Global,Clodsire,True,Shiny/Clodsire_shiny.png,Habitat — Sunday — Rotating Habitat Hours — Shiny,Wild,Habitat,Sunday,Rotating Habitat Hours,Clodsire
wild_area_wild_area_pokemon_go_wild_area_2026_global,Wild Area Wild Area Pokémon GO Wild Area 2026: Global,Clodsire,False,Normal/Clodsire.png,Habitat — Sunday — Rotating Habitat Hours — Normal,Wild,Habitat,Sunday,Rotating Habitat Hours,Clodsire
wild_area_wild_area_pokemon_go_wild_area_2026_global,Wild Area Wild Area Pokémon GO Wild Area 2026: Global,Azumarill,False,Normal/Azumarill.png,Incense — Sunday — Rotating Habitat Hours — Normal,Incense,Incense,Sunday,Rotating Habitat Hours,Azumarill
wild_area_wild_area_pokemon_go_wild_area_2026_global,Wild Area Wild Area Pokémon GO Wild Area 2026: Global,Azumarill,True,Shiny/Azumarill_shiny.png,Incense — Sunday — Rotating Habitat Hours — Shiny,Incense,Incense,Sunday,Rotating Habitat Hours,Azumarill
wild_area_wild_area_pokemon_go_wild_area_2026_global,Wild Area Wild Area Pokémon GO Wild Area 2026: Global,Scizor,False,Normal/Scizor.png,Incense — Sunday — Rotating Habitat Hours — Normal,Incense,Incense,Sunday,Rotating Habitat Hours,Scizor
wild_area_wild_area_pokemon_go_wild_area_2026_global,Wild Area Wild Area Pokémon GO Wild Area 2026: Global,Scizor,True,Shiny/Scizor_shiny.png,Incense — Sunday — Rotating Habitat Hours — Shiny,Incense,Incense,Sunday,Rotating Habitat Hours,Scizor
wild_area_wild_area_pokemon_go_wild_area_2026_global,Wild Area Wild Area Pokémon GO Wild Area 2026: Global,Kingdra,False,Normal/Kingdra.png,Incense — Sunday — Rotating Habitat Hours — Normal,Incense,Incense,Sunday,Rotating Habitat Hours,Kingdra
wild_area_wild_area_pokemon_go_wild_area_2026_global,Wild Area Wild Area Pokémon GO Wild Area 2026: Global,Kingdra,True,Shiny/Kingdra_shiny.png,Incense — Sunday — Rotating Habitat Hours — Shiny,Incense,Incense,Sunday,Rotating Habitat Hours,Kingdra
wild_area_wild_area_pokemon_go_wild_area_2026_global,Wild Area Wild Area Pokémon GO Wild Area 2026: Global,Aggron,False,Normal/Aggron.png,Incense — Sunday — Rotating Habitat Hours — Normal,Incense,Incense,Sunday,Rotating Habitat Hours,Aggron
wild_area_wild_area_pokemon_go_wild_area_2026_global,Wild Area Wild Area Pokémon GO Wild Area 2026: Global,Aggron,True,Shiny/Aggron_shiny.png,Incense — Sunday — Rotating Habitat Hours — Shiny,Incense,Incense,Sunday,Rotating Habitat Hours,Aggron
wild_area_wild_area_pokemon_go_wild_area_2026_global,Wild Area Wild Area Pokémon GO Wild Area 2026: Global,Flygon,False,Normal/Flygon.png,Incense — Sunday — Rotating Habitat Hours — Normal,Incense,Incense,Sunday,Rotating Habitat Hours,Flygon
wild_area_wild_area_pokemon_go_wild_area_2026_global,Wild Area Wild Area Pokémon GO Wild Area 2026: Global,Flygon,True,Shiny/Flygon_shiny.png,Incense — Sunday — Rotating Habitat Hours — Shiny,Incense,Incense,Sunday,Rotating Habitat Hours,Flygon
wild_area_wild_area_pokemon_go_wild_area_2026_global,Wild Area Wild Area Pokémon GO Wild Area 2026: Global,Empoleon,False,Normal/Empoleon.png,Incense — Sunday — Rotating Habitat Hours — Normal,Incense,Incense,Sunday,Rotating Habitat Hours,Empoleon
wild_area_wild_area_pokemon_go_wild_area_2026_global,Wild Area Wild Area Pokémon GO Wild Area 2026: Global,Empoleon,True,Shiny/Empoleon_shiny.png,Incense — Sunday — Rotating Habitat Hours — Shiny,Incense,Incense,Sunday,Rotating Habitat Hours,Empoleon
wild_area_wild_area_pokemon_go_wild_area_2026_global,Wild Area Wild Area Pokémon GO Wild Area 2026: Global,Magnezone,False,Normal/Magnezone.png,Incense — Sunday — Rotating Habitat Hours — Normal,Incense,Incense,Sunday,Rotating Habitat Hours,Magnezone
wild_area_wild_area_pokemon_go_wild_area_2026_global,Wild Area Wild Area Pokémon GO Wild Area 2026: Global,Magnezone,True,Shiny/Magnezone_shiny.png,Incense — Sunday — Rotating Habitat Hours — Shiny,Incense,Incense,Sunday,Rotating Habitat Hours,Magnezone
wild_area_wild_area_pokemon_go_wild_area_2026_global,Wild Area Wild Area Pokémon GO Wild Area 2026: Global,Conkeldurr,False,Normal/Conkeldurr.png,Incense — Sunday — Rotating Habitat Hours — Normal,Incense,Incense,Sunday,Rotating Habitat Hours,Conkeldurr
wild_area_wild_area_pokemon_go_wild_area_2026_global,Wild Area Wild Area Pokémon GO Wild Area 2026: Global,Conkeldurr,True,Shiny/Conkeldurr_shiny.png,Incense — Sunday — Rotating Habitat Hours — Shiny,Incense,Incense,Sunday,Rotating Habitat Hours,Conkeldurr
wild_area_wild_area_pokemon_go_wild_area_2026_global,Wild Area Wild Area Pokémon GO Wild Area 2026: Global,Hydreigon,False,Normal/Hydreigon.png,Incense — Sunday — Rotating Habitat Hours — Normal,Incense,Incense,Sunday,Rotating Habitat Hours,Hydreigon
wild_area_wild_area_pokemon_go_wild_area_2026_global,Wild Area Wild Area Pokémon GO Wild Area 2026: Global,Hydreigon,True,Shiny/Hydreigon_shiny.png,Incense — Sunday — Rotating Habitat Hours — Shiny,Incense,Incense,Sunday,Rotating Habitat Hours,Hydreigon
wild_area_wild_area_pokemon_go_wild_area_2026_global,Wild Area Wild Area Pokémon GO Wild Area 2026: Global,Latias,False,Normal/Latias.png,Incense — Sunday — Rotating Habitat Hours — Normal,Incense,Incense,Sunday,Rotating Habitat Hours,Latias
wild_area_wild_area_pokemon_go_wild_area_2026_global,Wild Area Wild Area Pokémon GO Wild Area 2026: Global,Latias,True,Shiny/Latias_shiny.png,Incense — Sunday — Rotating Habitat Hours — Shiny,Incense,Incense,Sunday,Rotating Habitat Hours,Latias
wild_area_wild_area_pokemon_go_wild_area_2026_global,Wild Area Wild Area Pokémon GO Wild Area 2026: Global,Latias,False,Normal/Latias.png,Incense — Sunday — Rotating Habitat Hours — Normal,Incense,Incense,Sunday,Rotating Habitat Hours,Latias
wild_area_wild_area_pokemon_go_wild_area_2026_global,Wild Area Wild Area Pokémon GO Wild Area 2026: Global,Latios,False,Normal/Latios.png,Incense — Sunday — Rotating Habitat Hours — Normal,Incense,Incense,Sunday,Rotating Habitat Hours,Latios
wild_area_wild_area_pokemon_go_wild_area_2026_global,Wild Area Wild Area Pokémon GO Wild Area 2026: Global,Latios,True,Shiny/Latios_shiny.png,Incense — Sunday — Rotating Habitat Hours — Shiny,Incense,Incense,Sunday,Rotating Habitat Hours,Latios
wild_area_wild_area_pokemon_go_wild_area_2026_global,Wild Area Wild Area Pokémon GO Wild Area 2026: Global,Latios,False,Normal/Latios.png,Incense — Sunday — Rotating Habitat Hours — Normal,Incense,Incense,Sunday,Rotating Habitat Hours,Latios
wild_area_wild_area_pokemon_go_wild_area_2026_global,Wild Area Wild Area Pokémon GO Wild Area 2026: Global,Honedge,False,Normal/Honedge.png,Eggs — Sunday — Rotating Habitat Hours — Normal,Egg,Eggs,Sunday,Rotating Habitat Hours,Honedge
wild_area_wild_area_pokemon_go_wild_area_2026_global,Wild Area Wild Area Pokémon GO Wild Area 2026: Global,Honedge,True,Shiny/Honedge_shiny.png,Eggs — Sunday — Rotating Habitat Hours — Shiny,Egg,Eggs,Sunday,Rotating Habitat Hours,Honedge
wild_area_wild_area_pokemon_go_wild_area_2026_global,Wild Area Wild Area Pokémon GO Wild Area 2026: Global,Honedge,False,Normal/Honedge.png,Eggs — Sunday — Rotating Habitat Hours — Normal,Egg,Eggs,Sunday,Rotating Habitat Hours,Honedge
wild_area_wild_area_pokemon_go_wild_area_2026_global,Wild Area Wild Area Pokémon GO Wild Area 2026: Global,Klefki,False,Normal/Klefki.png,Eggs — Sunday — Rotating Habitat Hours — Normal,Egg,Eggs,Sunday,Rotating Habitat Hours,Klefki
wild_area_wild_area_pokemon_go_wild_area_2026_global,Wild Area Wild Area Pokémon GO Wild Area 2026: Global,Klefki,True,Shiny/Klefki_shiny.png,Eggs — Sunday — Rotating Habitat Hours — Shiny,Egg,Eggs,Sunday,Rotating Habitat Hours,Klefki
wild_area_wild_area_pokemon_go_wild_area_2026_global,Wild Area Wild Area Pokémon GO Wild Area 2026: Global,Klefki,False,Normal/Klefki.png,Eggs — Sunday — Rotating Habitat Hours — Normal,Egg,Eggs,Sunday,Rotating Habitat Hours,Klefki
wild_area_wild_area_pokemon_go_wild_area_2026_global,Wild Area Wild Area Pokémon GO Wild Area 2026: Global,Drampa,False,Normal/Drampa.png,Eggs — Sunday — Rotating Habitat Hours — Normal,Egg,Eggs,Sunday,Rotating Habitat Hours,Drampa
wild_area_wild_area_pokemon_go_wild_area_2026_global,Wild Area Wild Area Pokémon GO Wild Area 2026: Global,Drampa,True,Shiny/Drampa_shiny.png,Eggs — Sunday — Rotating Habitat Hours — Shiny,Egg,Eggs,Sunday,Rotating Habitat Hours,Drampa
wild_area_wild_area_pokemon_go_wild_area_2026_global,Wild Area Wild Area Pokémon GO Wild Area 2026: Global,Drampa,False,Normal/Drampa.png,Eggs — Sunday — Rotating Habitat Hours — Normal,Egg,Eggs,Sunday,Rotating Habitat Hours,Drampa
wild_area_wild_area_pokemon_go_wild_area_2026_global,Wild Area Wild Area Pokémon GO Wild Area 2026: Global,Duraludon,False,Normal/Duraludon.png,Eggs — Sunday — Rotating Habitat Hours — Normal,Egg,Eggs,Sunday,Rotating Habitat Hours,Duraludon
wild_area_wild_area_pokemon_go_wild_area_2026_global,Wild Area Wild Area Pokémon GO Wild Area 2026: Global,Duraludon,True,Shiny/Duraludon_shiny.png,Eggs — Sunday — Rotating Habitat Hours — Shiny,Egg,Eggs,Sunday,Rotating Habitat Hours,Duraludon
wild_area_wild_area_pokemon_go_wild_area_2026_global,Wild Area Wild Area Pokémon GO Wild Area 2026: Global,Duraludon,False,Normal/Duraludon.png,Eggs — Sunday — Rotating Habitat Hours — Normal,Egg,Eggs,Sunday,Rotating Habitat Hours,Duraludon
wild_area_wild_area_pokemon_go_wild_area_2026_global,Wild Area Wild Area Pokémon GO Wild Area 2026: Global,Machamp,False,Normal/Machamp.png,Raids — Sunday — Rotating Habitat Hours — Normal,Raid,Raids,Sunday,Rotating Habitat Hours,Machamp wearing a modern jacket appears in three-star raids during event hours and may be Shiny.
wild_area_wild_area_pokemon_go_wild_area_2026_global,Wild Area Wild Area Pokémon GO Wild Area 2026: Global,Machamp,True,Shiny/Machamp_shiny.png,Raids — Sunday — Rotating Habitat Hours — Shiny,Raid,Raids,Sunday,Rotating Habitat Hours,Machamp wearing a modern jacket appears in three-star raids during event hours and may be Shiny.
wild_area_wild_area_pokemon_go_wild_area_2026_global,Wild Area Wild Area Pokémon GO Wild Area 2026: Global,Machamp,False,Normal/Machamp.png,Raids — Sunday — Rotating Habitat Hours — Normal,Raid,Raids,Sunday,Rotating Habitat Hours,Modern Jacket Machamp
wild_area_wild_area_pokemon_go_wild_area_2026_global,Wild Area Wild Area Pokémon GO Wild Area 2026: Global,Machamp,True,Shiny/Machamp_shiny.png,Raids — Sunday — Rotating Habitat Hours — Shiny,Raid,Raids,Sunday,Rotating Habitat Hours,Modern Jacket Machamp
wild_area_wild_area_pokemon_go_wild_area_2026_global,Wild Area Wild Area Pokémon GO Wild Area 2026: Global,Machamp,False,Normal/Machamp.png,Raids — Sunday — Rotating Habitat Hours — Normal,Raid,Raids,Sunday,Rotating Habitat Hours,Modern Jacket Machamp
wild_area_wild_area_pokemon_go_wild_area_2026_global,Wild Area Wild Area Pokémon GO Wild Area 2026: Global,Zekrom,False,Normal/Zekrom.png,Raids — Saturday — Rotating Habitat Hours — Normal,Raid,Raids,Saturday,Rotating Habitat Hours,Zekrom and White Kyurem appear in five-star raids.
wild_area_wild_area_pokemon_go_wild_area_2026_global,Wild Area Wild Area Pokémon GO Wild Area 2026: Global,Kyurem,False,Normal/Kyurem.png,Raids — Saturday — Rotating Habitat Hours — Normal,Raid,Raids,Saturday,Rotating Habitat Hours,Zekrom and White Kyurem appear in five-star raids.
wild_area_wild_area_pokemon_go_wild_area_2026_global,Wild Area Wild Area Pokémon GO Wild Area 2026: Global,Zekrom,False,Normal/Zekrom.png,Raids — Saturday — Rotating Habitat Hours — Normal,Raid,Raids,Saturday,Rotating Habitat Hours,Zekrom
wild_area_wild_area_pokemon_go_wild_area_2026_global,Wild Area Wild Area Pokémon GO Wild Area 2026: Global,Zekrom,True,Shiny/Zekrom_shiny.png,Raids — Saturday — Rotating Habitat Hours — Shiny,Raid,Raids,Saturday,Rotating Habitat Hours,Zekrom
wild_area_wild_area_pokemon_go_wild_area_2026_global,Wild Area Wild Area Pokémon GO Wild Area 2026: Global,Kyurem,False,Normal/Kyurem.png,Raids — Saturday — Rotating Habitat Hours — Normal,Raid,Raids,Saturday,Rotating Habitat Hours,Kyurem (White)
wild_area_wild_area_pokemon_go_wild_area_2026_global,Wild Area Wild Area Pokémon GO Wild Area 2026: Global,Kyurem,True,Shiny/Kyurem_black_shiny.png,Raids — Saturday — Rotating Habitat Hours — Shiny,Raid,Raids,Saturday,Rotating Habitat Hours,Kyurem (White)
wild_area_wild_area_pokemon_go_wild_area_2026_global,Wild Area Wild Area Pokémon GO Wild Area 2026: Global,Reshiram,False,Normal/Reshiram.png,Raids — Sunday — Rotating Habitat Hours — Normal,Raid,Raids,Sunday,Rotating Habitat Hours,Reshiram and Black Kyurem appear in five-star raids.
wild_area_wild_area_pokemon_go_wild_area_2026_global,Wild Area Wild Area Pokémon GO Wild Area 2026: Global,Kyurem,False,Normal/Kyurem.png,Raids — Sunday — Rotating Habitat Hours — Normal,Raid,Raids,Sunday,Rotating Habitat Hours,Reshiram and Black Kyurem appear in five-star raids.
wild_area_wild_area_pokemon_go_wild_area_2026_global,Wild Area Wild Area Pokémon GO Wild Area 2026: Global,Reshiram,False,Normal/Reshiram.png,Raids — Sunday — Rotating Habitat Hours — Normal,Raid,Raids,Sunday,Rotating Habitat Hours,Reshiram
wild_area_wild_area_pokemon_go_wild_area_2026_global,Wild Area Wild Area Pokémon GO Wild Area 2026: Global,Reshiram,True,Shiny/Reshiram_shiny.png,Raids — Sunday — Rotating Habitat Hours — Shiny,Raid,Raids,Sunday,Rotating Habitat Hours,Reshiram
wild_area_wild_area_pokemon_go_wild_area_2026_global,Wild Area Wild Area Pokémon GO Wild Area 2026: Global,Kyurem,False,Normal/Kyurem.png,Raids — Sunday — Rotating Habitat Hours — Normal,Raid,Raids,Sunday,Rotating Habitat Hours,Kyurem (Black)
wild_area_wild_area_pokemon_go_wild_area_2026_global,Wild Area Wild Area Pokémon GO Wild Area 2026: Global,Kyurem,True,Shiny/Kyurem_black_shiny.png,Raids — Sunday — Rotating Habitat Hours — Shiny,Raid,Raids,Sunday,Rotating Habitat Hours,Kyurem (Black)
wild_area_wild_area_pokemon_go_wild_area_2026_global,Wild Area Wild Area Pokémon GO Wild Area 2026: Global,Duraludon,False,Normal/Duraludon.png,Raids — Saturday — Rotating Habitat Hours — Normal,Raid,Raids,Saturday,Rotating Habitat Hours,"Gigantamax Duraludon will appear in six-star Max Battles on both Saturday, November 14, and Sunday, November 15. If you're lucky, you may encounter a Shiny one!"
wild_area_wild_area_pokemon_go_wild_area_2026_global,Wild Area Wild Area Pokémon GO Wild Area 2026: Global,Duraludon,True,Shiny/Duraludon_shiny.png,Raids — Saturday — Rotating Habitat Hours — Shiny,Raid,Raids,Saturday,Rotating Habitat Hours,"Gigantamax Duraludon will appear in six-star Max Battles on both Saturday, November 14, and Sunday, November 15. If you're lucky, you may encounter a Shiny one!"
wild_area_wild_area_pokemon_go_wild_area_2026_global,Wild Area Wild Area Pokémon GO Wild Area 2026: Global,Dialga,False,Normal/Dialga.png,Raids — Saturday — Rotating Habitat Hours — Normal,Raid,Raids,Saturday,Rotating Habitat Hours,Dynamax Dialga will appear in Max Battles.
wild_area_wild_area_pokemon_go_wild_area_2026_global,Wild Area Wild Area Pokémon GO Wild Area 2026: Global,Dialga,False,Normal/Dialga.png,Raids — Saturday — Rotating Habitat Hours — Normal,Raid,Raids,Saturday,Rotating Habitat Hours,Dialga
wild_area_wild_area_pokemon_go_wild_area_2026_global,Wild Area Wild Area Pokémon GO Wild Area 2026: Global,Dialga,True,Shiny/Dialga_origin_shiny.png,Raids — Saturday — Rotating Habitat Hours — Shiny,Raid,Raids,Saturday,Rotating Habitat Hours,Dialga
wild_area_wild_area_pokemon_go_wild_area_2026_global,Wild Area Wild Area Pokémon GO Wild Area 2026: Global,Palkia,False,Normal/Palkia.png,Raids — Sunday — Rotating Habitat Hours — Normal,Raid,Raids,Sunday,Rotating Habitat Hours,Dynamax Palkia will appear in Max Battles.
wild_area_wild_area_pokemon_go_wild_area_2026_global,Wild Area Wild Area Pokémon GO Wild Area 2026: Global,Palkia,False,Normal/Palkia.png,Raids — Sunday — Rotating Habitat Hours — Normal,Raid,Raids,Sunday,Rotating Habitat Hours,Palkia
wild_area_wild_area_pokemon_go_wild_area_2026_global,Wild Area Wild Area Pokémon GO Wild Area 2026: Global,Palkia,True,Shiny/Palkia_origin_shiny.png,Raids — Sunday — Rotating Habitat Hours — Shiny,Raid,Raids,Sunday,Rotating Habitat Hours,Palkia
wild_area_wild_area_pokemon_go_wild_area_2026_global,Wild Area Wild Area Pokémon GO Wild Area 2026: Global,Machamp,False,Normal/Machamp.png,Field Research — Sunday — Rotating Habitat Hours — Normal,Research,Field Research,Sunday,Rotating Habitat Hours,Machamp wearing a modern jacket
wild_area_wild_area_pokemon_go_wild_area_2026_global,Wild Area Wild Area Pokémon GO Wild Area 2026: Global,Machamp,False,Normal/Machamp.png,Field Research — Sunday — Rotating Habitat Hours — Normal,Research,Field Research,Sunday,Rotating Habitat Hours,Modern Jacket Machamp
wild_area_wild_area_pokemon_go_wild_area_2026_global,Wild Area Wild Area Pokémon GO Wild Area 2026: Global,Flygon,False,Normal/Flygon.png,Field Research — Sunday — Rotating Habitat Hours — Normal,Research,Field Research,Sunday,Rotating Habitat Hours,Flygon
wild_area_wild_area_pokemon_go_wild_area_2026_global,Wild Area Wild Area Pokémon GO Wild Area 2026: Global,Metagross,False,Normal/Metagross.png,Field Research — Sunday — Rotating Habitat Hours — Normal,Research,Field Research,Sunday,Rotating Habitat Hours,Metagross
wild_area_wild_area_pokemon_go_wild_area_2026_global,Wild Area Wild Area Pokémon GO Wild Area 2026: Global,Magnezone,False,Normal/Magnezone.png,Field Research — Sunday — Rotating Habitat Hours — Normal,Research,Field Research,Sunday,Rotating Habitat Hours,Magnezone
wild_area_wild_area_pokemon_go_wild_area_2026_global,Wild Area Wild Area Pokémon GO Wild Area 2026: Global,Haxorus,False,Normal/Haxorus.png,Field Research — Sunday — Rotating Habitat Hours — Normal,Research,Field Research,Sunday,Rotating Habitat Hours,Haxorus
wild_area_wild_area_pokemon_go_wild_area_2026_global,Wild Area Wild Area Pokémon GO Wild Area 2026: Global,Hydreigon,False,Normal/Hydreigon.png,Field Research — Sunday — Rotating Habitat Hours — Normal,Research,Field Research,Sunday,Rotating Habitat Hours,Hydreigon
wild_area_wild_area_pokemon_go_wild_area_2026_global,Wild Area Wild Area Pokémon GO Wild Area 2026: Global,Tinkaton,False,Normal/Tinkaton.png,Field Research — Sunday — Rotating Habitat Hours — Normal,Research,Field Research,Sunday,Rotating Habitat Hours,Tinkaton
pokemon_tcg_30th_celebration,Pokemon TCG: 30th Celebration,Gengar,False,Mega/Gengar_mega.png,Raids — Sunday — Mega — Normal,Raid,Raids,Sunday,,Mega Gengar will appear more often in Mega Raids at participating stores. The Gengar encountered after these raids may be Shiny.
pokemon_tcg_30th_celebration,Pokemon TCG: 30th Celebration,Gengar,True,Mega/Shiny/Gengar_mega_shiny.png,Raids — Sunday — Mega — Shiny,Raid,Raids,Sunday,,Mega Gengar will appear more often in Mega Raids at participating stores. The Gengar encountered after these raids may be Shiny.
pokemon_tcg_30th_celebration,Pokemon TCG: 30th Celebration,Gengar,False,Mega/Gengar_mega.png,Raids — Sunday — Mega — Normal,Raid,Raids,Sunday,,Mega Gengar
pokemon_tcg_30th_celebration,Pokemon TCG: 30th Celebration,Haunter,False,Normal/Haunter.png,Eggs — Sunday — Normal,Egg,Eggs,Sunday,,"Complete three pages of tasks to earn Gastly, Haunter, and Gengar encounters, Berries, Poke Balls, an Incubator, 50 Gastly Candy, and two Lucky Eggs."
pokemon_tcg_30th_celebration,Pokemon TCG: 30th Celebration,Gastly,False,Normal/Gastly.png,Eggs — Sunday — Normal,Egg,Eggs,Sunday,,"Complete three pages of tasks to earn Gastly, Haunter, and Gengar encounters, Berries, Poke Balls, an Incubator, 50 Gastly Candy, and two Lucky Eggs."
pokemon_tcg_30th_celebration,Pokemon TCG: 30th Celebration,Gengar,False,Normal/Gengar.png,Eggs — Sunday — Normal,Egg,Eggs,Sunday,,"Complete three pages of tasks to earn Gastly, Haunter, and Gengar encounters, Berries, Poke Balls, an Incubator, 50 Gastly Candy, and two Lucky Eggs."
pokemon_tcg_30th_celebration,Pokemon TCG: 30th Celebration,Gastly,False,Normal/Gastly.png,Timed Research — Sunday — Normal,Research,Timed Research,Sunday,,Make 10 Nice Throws Gastly
pokemon_tcg_30th_celebration,Pokemon TCG: 30th Celebration,Gengar,False,Normal/Gengar.png,Timed Research — Sunday — Normal,Research,Timed Research,Sunday,,Make 3 Nice Curveball Throws Gengar
pokemon_tcg_30th_celebration,Pokemon TCG: 30th Celebration,Gengar,False,Normal/Gengar.png,Timed Research — Sunday — Normal,Research,Timed Research,Sunday,,"Redeem a Pokemon GO gift card purchased from Target, GameStop, or Best Buy, including their online stores, from September 27 through October 31, 2026 , to receive the Gengar Knit Cap . Redeem it on the Pokemon GO Web Store ."
zorua_community_day,Zorua Community Day,Zorua,False,Normal/Zorua.png,Community Day — Saturday — Normal,Event,Community Day,Saturday,,"Zorua Community Day Community Day Event Time Saturday, October 10, 2026, 2:00 PM — 5:00 PM Local Time Add to calendar ▾ Share Share this event Copy"
zorua_community_day,Zorua Community Day,Zorua,False,Normal/Zorua.png,Raids — Saturday — Normal,Raid,Raids,Saturday,,Take a few snapshots during Community Day for a surprise! During the event you can snap an AR Photo and get photobombed by Zorua.
zorua_community_day,Zorua Community Day,Zorua,False,Normal/Zorua.png,Raids — Saturday — Normal,Raid,Raids,Saturday,,Zorua
zorua_community_day,Zorua Community Day,Zorua,True,Shiny/Zorua_shiny.png,Raids — Saturday — Shiny,Raid,Raids,Saturday,,Zorua
zorua_community_day,Zorua Community Day,Zorua,False,Normal/Zorua.png,Lure Encounters — Saturday — Normal,Lure,Lure Encounters,Saturday,,"From 2:00 p.m. to 9:00 p.m. local time , Zorua will have a very high chance of appearing at PokeStops with active regular Lure Modules."
zorua_community_day,Zorua Community Day,Zorua,False,Normal/Zorua.png,Lure Encounters — Saturday — Normal,Lure,Lure Encounters,Saturday,,Zorua attracted to regular Lure Modules will still have an increased chance to be Shiny and may have a Special Background. That's more chances to encounter the featured Pokemon even after the event hours!
zorua_community_day,Zorua Community Day,Zorua,True,Shiny/Zorua_shiny.png,Lure Encounters — Saturday — Shiny,Lure,Lure Encounters,Saturday,,Zorua attracted to regular Lure Modules will still have an increased chance to be Shiny and may have a Special Background. That's more chances to encounter the featured Pokemon even after the event hours!
zorua_community_day,Zorua Community Day,Zorua,False,Normal/Zorua.png,Wild Encounters — Saturday — Normal,Wild,Wild Encounters,Saturday,,Zorua will appear more frequently in the wild.
zorua_community_day,Zorua Community Day,Zorua,False,Normal/Zorua.png,Field Research — Saturday — Normal,Research,Field Research,Saturday,,"October Community Day—themed Field Research will be available! Catch Zorua to earn rewards such as Stardust, Ultra Balls, additional encounters with Zorua, and more! You may even find Field Research that leads to encounters with Zorua that have a Special Background—if you're lucky!"
zorua_community_day,Zorua Community Day,Zorua,True,Shiny/Zorua_shiny.png,Field Research — Saturday — Shiny,Research,Field Research,Saturday,,"October Community Day—themed Field Research will be available! Catch Zorua to earn rewards such as Stardust, Ultra Balls, additional encounters with Zorua, and more! You may even find Field Research that leads to encounters with Zorua that have a Special Background—if you're lucky!"
zorua_community_day,Zorua Community Day,Zorua,False,Normal/Zorua.png,Field Research — Saturday — Normal,Research,Field Research,Saturday,,Zorua Community Day
zorua_community_day,Zorua Community Day,Zorua,False,Normal/Zorua.png,Special Research — Saturday — Normal,Research,Special Research,Saturday,,3 encounters with Zorua that have a Special Background (at the end of each page)
zorua_community_day,Zorua Community Day,Zorua,False,Normal/Zorua.png,Incense — Saturday — Normal,Incense,Incense,Saturday,,Zorua Community Day (1/3)
zorua_community_day,Zorua Community Day,Zorua,False,Normal/Zorua.png,Timed Research — Saturday — Normal,Research,Timed Research,Saturday,,Check in at a Community Ambassador event to receive Timed Research with Zorua encounters featuring a Special Background and other premium item rewards. Find a nearby meetup on the Pokemon GO event map .
zorua_community_day,Zorua Community Day,Zorua,False,Normal/Zorua.png,Timed Research — Saturday — Normal,Research,Timed Research,Saturday,,Shiny Zorua will be available! Trainers will have an increased chance of encountering Shiny Zorua during Community Day.
zorua_community_day,Zorua Community Day,Zorua,True,Shiny/Zorua_shiny.png,Timed Research — Saturday — Shiny,Research,Timed Research,Saturday,,Shiny Zorua will be available! Trainers will have an increased chance of encountering Shiny Zorua during Community Day.
zorua_community_day,Zorua Community Day,Zoroark,False,Normal/Zoroark.png,Timed Research — Saturday — Normal,Research,Timed Research,Saturday,,Zoroark
zorua_community_day,Zorua Community Day,Zorua,False,Normal/Zorua.png,Wild Encounters — Saturday — Normal,Wild,Wild Encounters,Saturday,,Zorua will appear more frequently in the wild.
zorua_community_day,Zorua Community Day,Zorua,True,Shiny/Zorua_shiny.png,Wild Encounters — Saturday — Shiny,Wild,Wild Encounters,Saturday,,Zorua will appear more frequently in the wild.
sandile_hatch_day,Sandile Hatch Day,Sandile,False,Normal/Sandile.png,Eggs — Saturday — Normal,Egg,Eggs,Saturday,,"Sandile Hatch Day Event Event Time Saturday, October 17, 2026, 11:00 AM — 5:00 PM Local Time Add to calendar ▾ Share Share this event Copy"
sandile_hatch_day,Sandile Hatch Day,Sandile,False,Normal/Sandile.png,Eggs — Saturday — Normal,Egg,Eggs,Saturday,,"Sandile Hatch Day features more Sandile hatching from 2 km Eggs and an increased chance of hatching Shiny Sandile! The Sandile Hatch Day event will take place on October 17, 2026 from 11 am to 5 pm local time."
sandile_hatch_day,Sandile Hatch Day,Sandile,True,Shiny/Sandile_shiny.png,Eggs — Saturday — Shiny,Egg,Eggs,Saturday,,"Sandile Hatch Day features more Sandile hatching from 2 km Eggs and an increased chance of hatching Shiny Sandile! The Sandile Hatch Day event will take place on October 17, 2026 from 11 am to 5 pm local time."
sandile_hatch_day,Sandile Hatch Day,Krokorok,False,Normal/Krokorok.png,Eggs — Saturday — Normal,Egg,Eggs,Saturday,,Krokorok
sandile_hatch_day,Sandile Hatch Day,Krokorok,True,Shiny/Krokorok_shiny.png,Eggs — Saturday — Shiny,Egg,Eggs,Saturday,,Krokorok
sandile_hatch_day,Sandile Hatch Day,Krokorok,False,Normal/Krokorok.png,Eggs — Saturday — Normal,Egg,Eggs,Saturday,,Krokorok
sandile_hatch_day,Sandile Hatch Day,Krookodile,False,Normal/Krookodile.png,Eggs — Saturday — Normal,Egg,Eggs,Saturday,,Krookodile
sandile_hatch_day,Sandile Hatch Day,Krookodile,True,Shiny/Krookodile_shiny.png,Eggs — Saturday — Shiny,Egg,Eggs,Saturday,,Krookodile
sandile_hatch_day,Sandile Hatch Day,Krookodile,False,Normal/Krookodile.png,Eggs — Saturday — Normal,Egg,Eggs,Saturday,,Krookodile
